days,go-commits,go-authors,rust-commits,rust-authors,swift-commits,swift-authors
0,2,1,1,1,1,1
1,3,1,1,1,19,1
2,5,1,1,1,41,1
3,6,1,1,1,41,1
4,14,2,1,1,42,1
5,15,2,1,1,56,1
6,15,2,1,1,64,1
7,15,2,3,1,77,1
8,16,2,19,3,88,1
9,22,2,47,3,88,1
10,26,2,47,3,104,1
11,26,2,52,3,106,1
12,26,2,62,3,106,1
13,26,2,72,4,113,1
14,27,2,102,4,115,1
15,28,2,144,4,122,1
16,28,2,176,4,122,1
17,30,2,181,4,129,1
18,30,2,198,4,137,1
19,30,2,205,4,145,1
20,30,2,210,4,145,1
21,30,2,210,4,148,1
22,30,2,221,5,150,1
23,31,2,224,6,150,1
24,34,2,230,8,150,1
25,39,2,234,8,150,1
26,42,3,248,9,150,1
27,44,3,264,10,150,1
28,44,3,269,10,150,1
29,46,3,280,10,150,1
30,47,3,290,11,150,1
31,49,3,294,12,150,1
32,51,3,301,12,150,1
33,51,3,315,13,150,1
34,51,3,330,13,150,1
35,51,3,334,13,150,1
36,51,3,347,13,150,1
37,51,3,359,13,150,1
38,51,3,361,13,150,1
39,51,3,367,13,150,1
40,51,3,375,13,150,1
41,51,3,384,13,150,1
42,51,3,410,13,150,1
43,51,3,413,13,150,1
44,52,3,414,13,150,1
45,52,3,414,13,150,1
46,54,3,414,13,150,1
47,55,3,415,13,150,1
48,55,3,426,13,150,1
49,55,3,435,13,152,1
50,55,3,442,15,152,1
51,55,3,449,15,152,1
52,55,3,450,15,152,1
53,55,3,451,15,152,1
54,55,3,469,15,152,1
55,55,3,473,15,152,1
56,56,3,486,15,152,1
57,57,3,495,15,152,1
58,58,3,497,15,152,1
59,58,3,497,15,152,1
60,64,3,497,15,152,1
61,64,3,502,15,152,1
62,64,3,510,15,152,1
63,64,3,526,15,154,1
64,64,3,533,15,154,1
65,65,3,552,15,154,1
66,67,3,553,15,154,1
67,71,3,553,15,154,1
68,71,3,554,15,154,1
69,71,3,573,15,154,1
70,71,3,584,15,154,1
71,71,3,597,15,154,1
72,71,3,611,15,154,1
73,71,3,612,15,154,1
74,74,3,612,15,154,1
75,74,3,612,15,154,1
76,74,3,618,15,154,1
77,74,3,619,15,154,1
78,74,3,619,15,154,1
79,74,3,623,15,154,1
80,74,3,623,15,154,1
81,74,3,623,15,154,1
82,74,3,624,15,154,1
83,74,3,637,15,154,1
84,74,3,644,15,171,1
85,74,3,647,15,182,1
86,75,3,648,15,185,1
87,75,3,648,15,188,1
88,75,3,649,15,188,1
89,75,3,651,15,188,1
90,75,3,656,15,192,1
91,75,3,665,15,192,1
92,75,3,675,15,196,1
93,75,3,675,15,197,1
94,82,3,675,15,197,1
95,90,3,675,15,197,1
96,119,3,682,16,197,1
97,120,3,691,16,197,1
98,135,3,699,16,197,1
99,138,3,706,16,198,1
100,141,3,709,16,198,1
101,150,3,709,16,198,1
102,163,3,709,16,198,1
103,168,3,713,16,198,1
104,168,3,717,16,198,1
105,171,3,719,16,198,1
106,178,3,721,16,198,1
107,187,3,723,16,198,1
108,199,3,723,16,198,1
109,199,3,723,16,198,1
110,200,3,725,16,198,1
111,204,3,730,16,198,1
112,205,3,732,16,198,1
113,208,3,736,16,198,1
114,220,3,745,16,198,1
115,230,3,749,16,198,1
116,243,3,751,16,198,1
117,256,3,758,16,203,1
118,261,3,764,16,203,1
119,262,3,773,16,203,1
120,267,3,781,16,203,1
121,272,3,782,16,203,1
122,274,3,782,16,203,1
123,286,3,782,16,203,1
124,287,3,793,17,203,1
125,289,3,799,17,203,1
126,290,3,808,18,203,1
127,299,3,818,18,203,1
128,310,3,835,18,203,1
129,321,3,835,18,203,1
130,327,3,835,18,203,1
131,332,3,837,18,207,1
132,338,3,839,18,207,1
133,341,3,841,18,208,1
134,353,3,847,18,208,1
135,365,3,847,18,209,1
136,373,3,847,18,209,1
137,382,3,847,18,209,1
138,388,3,847,18,209,1
139,395,3,850,18,209,1
140,397,3,863,18,209,1
141,401,3,864,18,209,1
142,405,3,879,18,209,1
143,410,3,879,18,209,1
144,416,3,879,18,209,1
145,423,3,881,18,209,1
146,426,3,884,18,209,1
147,431,3,886,18,209,1
148,439,3,886,18,209,1
149,445,3,890,18,209,1
150,452,3,892,18,209,1
151,455,3,897,18,209,1
152,460,3,898,18,209,1
153,463,4,899,18,209,1
154,469,4,899,18,209,1
155,480,4,900,18,209,1
156,487,4,908,18,209,1
157,490,4,912,18,209,1
158,495,4,914,18,209,1
159,500,4,926,18,209,1
160,503,4,928,18,209,1
161,506,4,940,18,209,1
162,522,4,948,18,209,1
163,531,4,953,18,209,1
164,533,4,953,18,209,1
165,533,4,953,18,209,1
166,533,4,962,18,209,1
167,533,4,966,18,209,1
168,533,4,972,18,209,1
169,533,4,987,18,209,1
170,533,4,997,18,209,1
171,536,4,997,18,209,1
172,540,4,997,18,209,1
173,540,4,1002,18,209,1
174,540,4,1007,18,209,1
175,540,4,1015,18,209,1
176,540,4,1031,18,209,1
177,540,4,1045,18,209,1
178,541,4,1049,18,209,1
179,544,4,1056,18,209,1
180,551,4,1063,18,209,1
181,551,4,1070,18,209,1
182,551,4,1080,18,209,1
183,552,4,1092,18,209,1
184,560,4,1099,18,209,1
185,569,4,1099,18,209,1
186,578,4,1099,18,209,1
187,580,4,1111,18,209,1
188,580,4,1117,18,209,1
189,580,4,1121,18,209,1
190,588,4,1123,18,209,1
191,594,4,1129,19,209,1
192,604,5,1129,19,209,1
193,619,5,1129,19,209,1
194,633,5,1129,19,209,1
195,638,5,1129,19,209,1
196,640,5,1135,19,209,1
197,644,5,1144,19,209,1
198,655,5,1157,19,209,1
199,663,5,1159,19,209,1
200,676,5,1159,19,209,1
201,687,5,1173,19,209,1
202,690,5,1181,19,210,1
203,690,5,1184,19,210,1
204,705,5,1188,19,210,1
205,712,5,1202,19,210,1
206,722,5,1205,19,210,1
207,733,5,1205,19,210,1
208,750,5,1210,19,210,1
209,756,5,1215,19,210,1
210,757,5,1220,19,210,1
211,768,5,1223,19,210,1
212,783,5,1230,19,210,1
213,789,5,1230,19,210,1
214,794,5,1230,19,210,1
215,801,5,1242,20,210,1
216,806,5,1247,20,210,1
217,807,5,1250,20,210,1
218,811,5,1256,20,210,1
219,822,6,1266,20,210,1
220,830,6,1266,20,220,1
221,835,6,1266,20,220,1
222,845,6,1272,20,220,1
223,846,6,1274,20,220,1
224,846,6,1281,20,223,1
225,848,6,1291,21,224,1
226,860,6,1297,21,224,1
227,870,6,1297,21,228,1
228,885,6,1302,21,234,1
229,897,6,1307,21,234,1
230,899,6,1313,21,235,1
231,900,6,1320,21,235,1
232,916,6,1322,22,236,1
233,926,6,1324,22,238,1
234,937,6,1325,22,238,1
235,944,6,1325,22,238,1
236,958,6,1330,23,238,1
237,962,6,1333,23,238,1
238,967,6,1341,23,238,1
239,970,6,1356,23,242,1
240,973,6,1356,23,249,1
241,997,6,1356,23,251,1
242,1010,6,1357,23,251,1
243,1018,6,1368,23,258,1
244,1023,6,1373,23,262,1
245,1025,6,1379,23,265,1
246,1040,6,1382,23,272,1
247,1049,6,1387,23,281,1
248,1067,6,1387,23,301,1
249,1082,6,1387,23,305,1
250,1089,6,1390,23,305,1
251,1089,6,1399,23,305,1
252,1089,6,1408,23,308,1
253,1097,6,1420,23,311,1
254,1104,6,1434,23,311,1
255,1111,6,1435,23,311,1
256,1118,6,1444,23,311,1
257,1129,6,1451,23,311,1
258,1129,6,1465,23,311,1
259,1130,6,1478,23,313,1
260,1147,6,1491,23,313,1
261,1173,6,1500,24,314,1
262,1198,6,1501,24,316,1
263,1209,6,1515,24,316,1
264,1214,6,1536,24,316,1
265,1215,6,1554,24,316,1
266,1219,6,1578,24,317,1
267,1238,6,1595,24,330,1
268,1247,6,1613,24,336,1
269,1249,6,1617,24,336,1
270,1249,6,1625,24,336,1
271,1249,6,1632,24,337,1
272,1249,6,1648,24,337,1
273,1249,6,1661,24,337,1
274,1256,6,1671,24,337,1
275,1262,6,1706,25,337,1
276,1270,6,1720,25,337,1
277,1283,6,1730,25,337,1
278,1289,6,1767,26,337,1
279,1290,6,1783,26,339,1
280,1290,6,1802,26,339,1
281,1296,6,1832,26,339,1
282,1307,6,1857,26,339,1
283,1318,6,1867,26,339,1
284,1330,6,1871,26,339,1
285,1333,6,1884,26,340,1
286,1335,6,1905,26,347,1
287,1337,6,1912,26,347,1
288,1343,6,1941,26,347,1
289,1354,6,1957,26,347,1
290,1357,6,1965,26,347,1
291,1370,6,1967,26,347,1
292,1383,6,1972,26,347,1
293,1390,6,1979,26,347,1
294,1390,6,1982,26,348,1
295,1391,6,2007,26,348,1
296,1392,6,2026,26,348,1
297,1392,6,2028,26,348,1
298,1392,6,2030,26,348,1
299,1393,6,2045,26,348,1
300,1393,6,2057,26,348,1
301,1393,6,2075,26,348,1
302,1393,6,2081,26,348,1
303,1396,6,2089,26,348,1
304,1396,6,2092,26,348,1
305,1396,6,2103,26,348,1
306,1396,6,2119,26,348,1
307,1396,6,2138,26,348,1
308,1396,6,2154,26,348,1
309,1401,6,2167,26,348,1
310,1423,6,2184,26,348,1
311,1434,6,2185,26,348,1
312,1444,6,2188,26,348,1
313,1458,6,2199,26,348,1
314,1458,6,2212,26,348,1
315,1458,6,2227,26,348,1
316,1459,6,2246,26,348,1
317,1464,6,2263,26,348,1
318,1468,6,2264,26,350,1
319,1491,6,2273,26,350,1
320,1518,6,2294,26,350,1
321,1518,6,2314,26,350,1
322,1518,6,2344,26,350,1
323,1518,6,2375,27,356,1
324,1526,6,2393,27,356,1
325,1534,6,2394,27,356,1
326,1539,6,2398,27,356,1
327,1545,6,2411,27,356,1
328,1546,6,2433,27,356,1
329,1546,6,2457,27,356,1
330,1563,6,2476,27,356,1
331,1574,6,2512,27,356,1
332,1579,6,2528,27,356,1
333,1583,6,2530,27,356,1
334,1595,6,2556,28,356,1
335,1597,6,2588,30,356,1
336,1597,6,2622,30,356,1
337,1602,6,2640,30,356,1
338,1607,6,2678,30,356,1
339,1611,6,2697,30,356,1
340,1623,6,2713,30,356,1
341,1636,6,2731,30,356,1
342,1639,6,2753,30,356,1
343,1644,6,2770,31,356,1
344,1650,6,2790,31,356,1
345,1657,6,2806,31,356,1
346,1663,6,2807,31,356,1
347,1664,6,2808,31,356,1
348,1671,6,2815,31,356,1
349,1671,6,2842,31,356,1
350,1678,6,2871,31,356,1
351,1688,6,2891,31,356,1
352,1692,6,2903,31,356,1
353,1694,6,2917,31,356,1
354,1699,6,2918,31,356,1
355,1701,6,2922,31,356,1
356,1702,6,2931,32,356,1
357,1703,6,2947,32,356,1
358,1707,6,2975,32,356,1
359,1710,6,3004,32,356,1
360,1713,6,3011,32,356,1
361,1714,6,3012,32,357,2
362,1717,6,3025,33,359,2
363,1717,6,3066,34,359,2
364,1717,6,3107,34,359,2
365,1724,6,3155,34,360,2
366,1733,6,3190,35,363,2
367,1747,6,3213,35,382,3
368,1764,6,3223,35,382,3
369,1775,6,3250,35,382,3
370,1780,6,3263,35,382,3
371,1780,6,3278,35,385,3
372,1788,6,3294,35,396,3
373,1800,6,3314,35,397,4
374,1811,6,3320,35,401,4
375,1821,6,3325,35,401,4
376,1825,7,3362,35,401,4
377,1825,7,3412,35,406,4
378,1825,7,3454,35,406,4
379,1833,7,3494,35,424,4
380,1839,7,3529,35,428,5
381,1846,8,3533,35,430,5
382,1848,8,3542,35,441,5
383,1859,8,3563,35,442,5
384,1859,8,3604,35,442,5
385,1862,8,3637,35,443,5
386,1865,8,3693,35,443,5
387,1881,8,3739,36,444,5
388,1885,8,3744,36,445,5
389,1895,8,3760,36,447,5
390,1901,8,3795,36,452,5
391,1901,8,3846,36,480,6
392,1901,8,3877,36,504,6
393,1919,9,3906,36,508,6
394,1930,9,3918,36,508,6
395,1936,10,3928,36,509,6
396,1955,10,3935,36,511,6
397,1957,10,3956,36,511,6
398,1957,10,3981,36,513,6
399,1958,10,4001,36,518,6
400,1963,11,4033,36,518,6
401,1971,11,4051,36,525,6
402,1979,11,4059,36,532,6
403,1982,11,4059,36,543,6
404,1989,11,4089,36,569,6
405,1989,11,4123,36,576,6
406,1992,11,4181,36,576,6
407,2004,11,4208,36,576,6
408,2014,11,4249,36,580,6
409,2031,11,4259,36,586,6
410,2041,11,4264,36,605,6
411,2044,11,4295,36,616,6
412,2047,11,4332,36,619,6
413,2053,11,4356,36,623,6
414,2061,11,4391,36,626,6
415,2076,11,4413,36,626,6
416,2077,11,4414,36,632,6
417,2081,12,4414,36,633,6
418,2084,12,4435,37,635,6
419,2089,12,4462,37,640,6
420,2091,13,4520,37,640,6
421,2094,14,4589,37,641,6
422,2102,14,4623,37,641,6
423,2113,14,4630,37,641,6
424,2118,14,4634,37,642,6
425,2123,14,4671,37,645,6
426,2125,14,4706,37,647,6
427,2127,14,4736,37,647,6
428,2131,14,4780,37,648,6
429,2144,14,4803,37,653,6
430,2153,14,4814,37,656,6
431,2161,14,4816,37,656,6
432,2181,14,4839,37,656,6
433,2181,14,4857,37,663,6
434,2181,14,4890,37,667,6
435,2184,14,4913,37,667,6
436,2192,14,4946,38,669,6
437,2200,14,4963,38,674,6
438,2210,14,4966,38,676,6
439,2226,14,4981,38,677,6
440,2228,14,5003,38,677,6
441,2229,14,5035,38,677,6
442,2241,14,5075,38,677,6
443,2249,14,5098,38,677,6
444,2262,14,5100,38,677,6
445,2277,14,5102,38,677,6
446,2293,14,5102,38,677,6
447,2297,14,5108,38,677,6
448,2298,14,5127,38,677,6
449,2300,14,5134,38,677,6
450,2317,14,5152,38,677,6
451,2327,14,5158,38,677,6
452,2332,14,5161,38,677,6
453,2343,14,5177,38,677,6
454,2345,14,5195,38,677,6
455,2348,14,5228,38,677,6
456,2355,14,5260,38,678,6
457,2368,15,5285,38,678,6
458,2372,15,5288,38,688,6
459,2391,15,5290,38,692,6
460,2404,15,5307,38,701,6
461,2418,15,5351,38,705,6
462,2418,15,5372,38,716,6
463,2430,15,5402,38,716,6
464,2436,15,5445,38,716,6
465,2439,15,5458,38,716,6
466,2440,15,5465,39,718,6
467,2441,15,5494,39,720,6
468,2441,15,5518,39,723,6
469,2441,15,5539,40,723,6
470,2449,15,5565,40,723,6
471,2461,16,5580,40,723,6
472,2470,16,5581,40,749,6
473,2478,16,5585,41,751,6
474,2485,17,5595,41,755,6
475,2485,17,5619,41,755,6
476,2485,17,5638,42,755,6
477,2496,17,5659,42,755,6
478,2503,17,5676,42,758,6
479,2510,18,5676,42,768,6
480,2532,18,5680,42,783,6
481,2537,18,5703,42,797,6
482,2537,18,5726,44,797,6
483,2537,18,5744,44,797,6
484,2549,18,5762,44,797,6
485,2556,18,5779,44,797,6
486,2561,18,5781,44,797,6
487,2579,18,5785,44,798,6
488,2584,18,5809,44,810,6
489,2585,18,5818,44,819,6
490,2586,18,5824,44,819,6
491,2609,18,5854,44,819,6
492,2637,18,5876,44,819,6
493,2647,18,5879,44,819,6
494,2658,18,5891,45,819,6
495,2668,18,5898,45,819,6
496,2669,18,5909,45,819,6
497,2671,18,5916,45,819,6
498,2689,18,5948,45,819,6
499,2708,18,5986,45,819,6
500,2722,18,5995,45,822,6
501,2732,18,5998,45,822,6
502,2749,18,6022,45,822,6
503,2749,18,6049,45,822,6
504,2749,18,6070,45,822,6
505,2760,18,6087,45,822,6
506,2773,18,6092,45,826,6
507,2773,18,6097,45,839,6
508,2773,18,6104,46,844,6
509,2774,18,6131,46,845,6
510,2775,18,6145,46,845,6
511,2775,18,6165,46,847,6
512,2794,19,6186,46,847,6
513,2813,20,6210,46,847,6
514,2831,20,6211,46,849,6
515,2843,20,6219,47,857,6
516,2855,20,6234,47,866,6
517,2855,20,6255,47,866,6
518,2855,20,6289,47,866,6
519,2863,20,6321,47,866,6
520,2878,20,6349,47,866,6
521,2890,20,6351,47,866,6
522,2901,20,6353,47,872,6
523,2918,20,6367,47,897,6
524,2920,20,6389,47,906,6
525,2926,20,6405,47,906,6
526,2934,20,6411,47,906,6
527,2938,20,6418,47,906,6
528,2960,20,6420,47,906,6
529,2975,20,6421,47,906,6
530,2987,20,6436,47,906,6
531,2988,20,6453,47,906,6
532,2988,20,6471,48,906,6
533,3001,22,6484,48,906,6
534,3011,22,6505,48,906,6
535,3025,22,6508,48,906,6
536,3037,22,6510,48,906,6
537,3054,22,6522,48,909,6
538,3055,22,6545,48,915,6
539,3058,22,6567,48,915,6
540,3075,22,6583,48,915,6
541,3078,22,6595,48,915,6
542,3094,22,6596,48,915,6
543,3112,22,6608,48,923,6
544,3132,22,6618,48,947,6
545,3134,22,6641,48,953,6
546,3142,22,6659,48,960,6
547,3162,22,6686,49,960,6
548,3180,22,6724,49,962,6
549,3194,22,6734,49,973,6
550,3216,22,6749,49,995,6
551,3220,22,6773,49,1002,6
552,3221,22,6813,49,1002,6
553,3222,22,6824,50,1002,6
554,3223,22,6844,50,1002,6
555,3232,22,6855,50,1002,6
556,3240,22,6856,50,1005,6
557,3253,22,6858,50,1005,6
558,3254,22,6864,50,1012,6
559,3254,22,6865,50,1012,6
560,3256,22,6871,50,1012,6
561,3265,22,6885,50,1012,6
562,3281,22,6894,52,1012,6
563,3291,22,6895,52,1013,6
564,3305,23,6899,52,1014,6
565,3321,23,6918,52,1016,6
566,3323,23,6926,52,1016,6
567,3324,23,6941,52,1016,6
568,3334,23,6971,52,1016,6
569,3344,23,7002,52,1018,6
570,3347,23,7008,52,1019,6
571,3366,23,7020,53,1020,6
572,3375,23,7048,54,1020,6
573,3375,23,7065,56,1021,6
574,3376,23,7092,56,1022,6
575,3385,23,7111,56,1022,6
576,3399,24,7150,56,1023,6
577,3411,24,7171,56,1023,6
578,3418,24,7201,57,1023,6
579,3423,24,7255,57,1027,6
580,3430,24,7299,57,1028,6
581,3430,24,7355,57,1028,6
582,3446,24,7446,58,1028,6
583,3466,24,7479,60,1028,6
584,3473,24,7493,62,1028,6
585,3479,24,7504,64,1029,6
586,3491,25,7557,66,1029,6
587,3494,25,7588,66,1029,6
588,3502,25,7634,69,1029,6
589,3513,25,7676,69,1039,6
590,3525,25,7692,69,1039,6
591,3542,25,7704,70,1039,6
592,3570,25,7720,71,1040,6
593,3575,25,7752,71,1054,6
594,3575,25,7777,71,1060,6
595,3575,25,7819,71,1063,6
596,3594,25,7843,71,1071,6
597,3605,25,7871,73,1077,7
598,3614,25,7885,73,1077,7
599,3633,25,7901,73,1079,7
600,3642,25,7914,74,1079,7
601,3644,25,7936,75,1080,7
602,3647,25,7965,75,1084,7
603,3657,25,7986,75,1112,7
604,3661,25,8022,75,1112,7
605,3669,25,8043,75,1113,7
606,3674,25,8067,76,1115,7
607,3681,25,8088,76,1117,7
608,3683,25,8108,77,1126,7
609,3706,25,8126,77,1129,7
610,3730,25,8135,78,1131,7
611,3751,25,8162,79,1143,7
612,3792,25,8171,79,1152,7
613,3843,25,8174,79,1153,7
614,3871,26,8194,79,1156,7
615,3889,26,8223,80,1157,7
616,3919,26,8249,80,1157,7
617,3942,26,8267,80,1161,7
618,3974,27,8290,80,1166,7
619,4005,27,8294,80,1174,7
620,4021,27,8307,80,1181,7
621,4034,29,8322,80,1196,7
622,4048,32,8340,80,1198,7
623,4064,32,8360,80,1198,7
624,4080,33,8377,80,1198,7
625,4120,39,8419,80,1210,7
626,4146,40,8431,80,1215,7
627,4166,42,8435,80,1221,7
628,4182,42,8453,80,1232,7
629,4183,42,8482,80,1238,7
630,4183,42,8496,80,1238,7
631,4197,43,8536,80,1239,7
632,4219,45,8563,80,1243,7
633,4222,45,8589,81,1269,7
634,4222,45,8604,81,1289,7
635,4222,45,8623,81,1299,7
636,4222,45,8646,81,1317,7
637,4230,46,8678,81,1321,7
638,4250,56,8719,81,1321,7
639,4271,58,8743,81,1325,7
640,4291,59,8757,81,1333,7
641,4312,59,8766,81,1354,7
642,4331,59,8780,81,1383,7
643,4331,59,8810,81,1402,7
644,4335,59,8846,81,1409,7
645,4344,59,8877,81,1410,7
646,4349,59,8916,81,1427,7
647,4367,60,8927,81,1458,7
648,4380,60,8931,82,1479,7
649,4393,64,8967,82,1489,7
650,4394,64,8982,82,1497,7
651,4401,64,9025,82,1500,7
652,4410,66,9043,82,1500,7
653,4437,68,9050,82,1508,7
654,4444,68,9057,83,1515,7
655,4457,69,9081,84,1530,7
656,4463,69,9100,84,1541,7
657,4464,69,9126,84,1556,7
658,4464,69,9140,84,1569,7
659,4469,70,9159,85,1570,7
660,4476,70,9173,85,1574,7
661,4485,70,9181,85,1586,7
662,4488,70,9190,85,1594,7
663,4490,70,9203,85,1606,7
664,4490,70,9213,85,1619,7
665,4492,70,9233,85,1625,7
666,4498,70,9243,85,1627,7
667,4509,71,9260,85,1640,7
668,4511,71,9266,85,1657,7
669,4512,71,9281,86,1667,7
670,4512,71,9295,86,1682,7
671,4513,71,9311,86,1693,7
672,4513,71,9325,86,1696,7
673,4517,71,9354,86,1696,7
674,4528,71,9367,86,1708,7
675,4546,72,9376,86,1726,7
676,4556,72,9380,86,1744,7
677,4560,72,9397,86,1754,7
678,4563,72,9413,86,1771,7
679,4564,72,9423,86,1778,7
680,4578,72,9440,86,1781,7
681,4584,72,9456,86,1797,7
682,4605,72,9458,86,1804,7
683,4606,72,9459,86,1825,7
684,4619,72,9472,86,1842,7
685,4620,72,9484,87,1847,7
686,4620,72,9505,87,1857,7
687,4632,73,9532,87,1861,7
688,4643,73,9535,87,1876,7
689,4646,73,9540,87,1888,7
690,4646,73,9540,87,1889,7
691,4655,75,9548,87,1899,7
692,4655,75,9558,87,1906,7
693,4658,75,9566,87,1909,7
694,4678,76,9571,87,1910,7
695,4693,77,9577,87,1911,7
696,4710,77,9581,87,1911,7
697,4721,77,9587,87,1911,7
698,4730,77,9609,87,1911,7
699,4735,77,9636,87,1911,7
700,4736,77,9668,87,1911,7
701,4761,77,9684,88,1915,7
702,4768,77,9704,88,1924,7
703,4775,77,9711,88,1932,7
704,4789,79,9712,88,1941,7
705,4801,79,9741,88,1946,7
706,4804,79,9777,89,1951,7
707,4807,79,9802,89,1953,7
708,4813,79,9830,89,1953,7
709,4825,79,9851,89,1971,7
710,4840,80,9860,89,1974,7
711,4843,80,9865,89,1979,7
712,4847,80,9871,89,1982,7
713,4847,80,9898,89,1986,7
714,4847,80,9923,89,1986,7
715,4848,80,9944,89,1986,7
716,4865,81,9981,89,1993,7
717,4876,81,10001,90,2003,7
718,4893,82,10010,91,2005,7
719,4906,83,10051,91,2009,7
720,4906,83,10071,91,2013,7
721,4910,83,10105,91,2017,7
722,4922,84,10147,91,2017,7
723,4929,85,10175,91,2023,7
724,4938,86,10191,91,2034,7
725,4952,86,10194,91,2038,7
726,4962,88,10205,91,2041,7
727,4962,88,10227,91,2042,7
728,4964,88,10245,91,2045,7
729,4965,88,10289,91,2045,7
730,4970,88,10309,91,2045,7
731,4979,88,10316,91,2050,7
732,4989,89,10321,91,2052,7
733,4999,89,10342,92,2062,7
734,5001,89,10357,92,2070,8
735,5003,89,10380,92,2070,8
736,5016,90,10410,92,2083,8
737,5023,90,10434,92,2099,8
738,5033,90,10434,92,2118,8
739,5037,90,10442,92,2133,8
740,5041,90,10482,93,2140,8
741,5041,90,10510,93,2158,8
742,5041,90,10539,93,2160,8
743,5045,90,10562,93,2160,8
744,5063,90,10577,93,2167,8
745,5067,90,10589,93,2169,8
746,5069,90,10595,93,2171,8
747,5087,91,10617,93,2178,8
748,5093,91,10656,94,2217,8
749,5093,91,10669,94,2222,8
750,5095,91,10701,94,2227,8
751,5114,92,10737,95,2235,8
752,5127,92,10758,96,2247,8
753,5137,92,10770,97,2250,8
754,5151,92,10835,98,2257,8
755,5152,92,10881,98,2264,8
756,5152,92,10906,98,2269,8
757,5170,92,10944,98,2269,8
758,5187,93,10981,98,2278,8
759,5200,93,10998,98,2286,8
760,5207,93,10999,98,2296,8
761,5209,93,11014,99,2314,8
762,5209,93,11041,99,2328,8
763,5211,93,11068,99,2330,8
764,5224,93,11079,99,2330,8
765,5237,93,11098,99,2335,8
766,5241,93,11100,100,2340,8
767,5248,93,11102,100,2351,8
768,5260,93,11127,101,2368,8
769,5261,93,11163,101,2397,8
770,5272,93,11195,101,2403,8
771,5278,94,11222,101,2420,8
772,5287,94,11243,101,2427,8
773,5291,94,11250,101,2435,8
774,5298,94,11255,102,2443,8
775,5301,94,11276,102,2444,8
776,5301,94,11314,102,2444,8
777,5304,94,11342,102,2444,8
778,5309,94,11373,102,2444,8
779,5320,94,11406,102,2452,8
780,5327,94,11409,102,2460,8
781,5333,94,11413,102,2460,8
782,5335,94,11445,102,2462,8
783,5335,94,11487,103,2462,8
784,5335,94,11519,103,2462,8
785,5352,94,11540,103,2462,8
786,5376,94,11566,103,2462,8
787,5388,94,11571,103,2464,8
788,5398,94,11575,104,2473,8
789,5410,94,11614,105,2484,8
790,5414,94,11664,105,2485,8
791,5415,94,11685,105,2485,8
792,5435,94,11709,105,2485,8
793,5436,94,11740,105,2488,8
794,5443,94,11743,105,2499,8
795,5450,94,11744,106,2510,8
796,5456,94,11763,107,2515,8
797,5458,94,11793,107,2523,8
798,5459,94,11829,107,2525,8
799,5460,94,11856,107,2525,8
800,5464,94,11891,107,2526,8
801,5464,94,11910,107,2526,8
802,5467,94,11930,107,2526,8
803,5470,94,11961,107,2530,8
804,5473,94,11983,107,2531,8
805,5473,94,12008,107,2531,8
806,5474,94,12039,107,2531,8
807,5482,94,12062,107,2544,8
808,5489,95,12068,107,2553,8
809,5501,95,12088,107,2558,8
810,5513,95,12103,108,2564,8
811,5513,95,12128,108,2571,8
812,5516,95,12159,108,2572,8
813,5543,96,12176,108,2572,8
814,5546,96,12210,108,2581,8
815,5551,96,12212,108,2587,8
816,5557,96,12221,108,2597,8
817,5563,96,12253,110,2612,8
818,5563,96,12271,110,2625,8
819,5565,96,12293,111,2626,8
820,5573,96,12313,111,2627,8
821,5583,97,12340,111,2628,8
822,5593,97,12349,111,2638,8
823,5605,97,12350,111,2638,8
824,5607,97,12356,111,2641,8
825,5608,97,12406,111,2654,9
826,5609,97,12448,112,2660,9
827,5615,98,12475,112,2660,9
828,5626,98,12491,112,2660,9
829,5637,99,12500,112,2670,9
830,5638,99,12513,112,2674,9
831,5645,99,12529,112,2679,9
832,5649,99,12561,113,2682,9
833,5649,99,12612,113,2684,9
834,5659,99,12640,114,2689,9
835,5662,99,12693,114,2696,9
836,5666,99,12701,114,2704,9
837,5666,99,12704,114,2706,9
838,5673,99,12738,115,2707,10
839,5673,99,12753,115,2711,10
840,5680,100,12794,116,2714,10
841,5696,100,12827,118,2726,10
842,5700,100,12865,119,2729,10
843,5703,100,12878,120,2729,10
844,5705,100,12887,120,2746,10
845,5705,100,12905,120,2746,10
846,5705,100,12921,121,2747,10
847,5706,100,12952,121,2747,10
848,5716,100,13046,121,2754,10
849,5729,101,13058,121,2763,10
850,5750,104,13060,121,2770,10
851,5759,104,13062,121,2784,10
852,5764,104,13076,122,2795,10
853,5764,104,13080,122,2816,10
854,5764,104,13090,122,2832,10
855,5765,104,13112,124,2832,10
856,5765,104,13121,124,2832,10
857,5765,104,13133,124,2832,10
858,5768,105,13137,124,2832,10
859,5773,105,13165,125,2832,10
860,5774,105,13179,125,2832,10
861,5774,105,13198,126,2832,10
862,5787,105,13207,126,2832,10
863,5796,105,13210,126,2846,10
864,5808,105,13219,126,2869,10
865,5824,105,13220,126,2877,10
866,5832,105,13225,126,2887,10
867,5835,105,13235,126,2897,11
868,5835,105,13244,126,2898,11
869,5842,105,13258,127,2898,11
870,5851,105,13268,127,2911,11
871,5861,105,13273,127,2925,11
872,5866,105,13288,127,2942,11
873,5868,105,13292,127,2953,11
874,5869,105,13297,127,2980,11
875,5869,105,13311,127,2983,11
876,5888,106,13319,127,2983,11
877,5894,106,13323,127,2991,11
878,5901,106,13323,127,3000,11
879,5910,107,13325,128,3016,11
880,5922,107,13344,128,3036,11
881,5922,107,13355,128,3052,11
882,5922,107,13373,128,3060,11
883,5923,107,13404,128,3063,11
884,5944,110,13415,128,3071,11
885,5954,111,13445,129,3082,11
886,5960,111,13462,129,3097,11
887,5970,112,13476,130,3109,11
888,5971,112,13485,130,3125,11
889,5971,112,13495,130,3135,11
890,5978,113,13503,130,3136,11
891,5992,114,13504,130,3136,11
892,5999,114,13512,130,3136,11
893,6013,115,13520,130,3136,11
894,6019,115,13531,130,3136,11
895,6021,115,13535,130,3138,11
896,6021,115,13551,131,3138,11
897,6028,116,13569,133,3153,11
898,6038,116,13584,136,3155,11
899,6044,118,13586,136,3155,11
900,6052,118,13589,136,3167,11
901,6056,118,13594,136,3179,11
902,6056,118,13601,136,3190,11
903,6058,118,13623,136,3198,11
904,6064,118,13659,136,3200,11
905,6074,118,13685,136,3204,11
906,6090,120,13695,137,3210,11
907,6111,121,13700,138,3217,11
908,6116,121,13724,139,3229,11
909,6119,122,13750,139,3246,11
910,6120,122,13761,139,3247,11
911,6131,123,13784,139,3247,11
912,6140,123,13811,139,3254,11
913,6148,123,13824,141,3258,11
914,6160,123,13830,141,3269,11
915,6167,123,13846,141,3275,11
916,6172,123,13863,142,3288,11
917,6172,123,13876,143,3294,11
918,6174,123,13920,143,3299,11
919,6189,123,13929,145,3304,11
920,6200,123,13944,146,3318,11
921,6215,123,13956,146,3328,11
922,6236,124,13965,147,3336,11
923,6246,124,13966,147,3345,11
924,6255,124,13966,147,3355,11
925,6265,124,13977,149,3357,11
926,6277,125,13995,151,3361,11
927,6282,125,14002,151,3370,11
928,6295,125,14015,152,3378,11
929,6298,125,14016,152,3384,11
930,6300,125,14017,152,3397,11
931,6306,125,14021,152,3401,11
932,6319,125,14029,153,3405,11
933,6328,125,14043,154,3405,11
934,6341,125,14047,155,3416,11
935,6357,125,14049,155,3433,11
936,6381,125,14092,155,3438,11
937,6384,125,14109,155,3449,11
938,6384,125,14129,155,3450,11
939,6399,126,14162,158,3455,11
940,6415,126,14185,158,3456,11
941,6422,126,14189,159,3459,11
942,6437,126,14211,161,3470,11
943,6441,126,14230,161,3478,11
944,6441,126,14261,163,3485,11
945,6442,126,14268,163,3487,11
946,6445,126,14280,163,3488,11
947,6447,126,14287,163,3493,11
948,6460,127,14297,164,3499,11
949,6473,128,14314,165,3517,12
950,6475,128,14330,166,3529,12
951,6476,128,14362,166,3537,12
952,6476,128,14405,167,3540,12
953,6490,130,14442,168,3544,12
954,6503,130,14478,170,3557,12
955,6514,130,14485,170,3562,12
956,6524,130,14490,170,3577,12
957,6534,130,14511,170,3581,13
958,6534,130,14574,171,3592,13
959,6538,130,14620,171,3603,13
960,6550,132,14649,173,3604,13
961,6560,133,14680,173,3609,13
962,6575,133,14692,174,3613,13
963,6594,133,14700,174,3631,13
964,6605,133,14716,174,3645,13
965,6605,133,14726,174,3661,13
966,6606,133,14744,176,3663,13
967,6622,133,14767,177,3663,13
968,6635,133,14788,179,3668,13
969,6642,133,14795,181,3675,13
970,6655,133,14813,181,3679,13
971,6660,133,14840,182,3685,13
972,6666,133,14849,182,3700,13
973,6670,133,14866,183,3706,13
974,6687,133,14896,184,3709,13
975,6692,133,14919,185,3732,13
976,6699,133,14937,185,3748,13
977,6708,134,14962,185,3757,13
978,6726,136,14974,186,3769,13
979,6726,136,14995,187,3776,13
980,6726,136,15011,187,3776,13
981,6733,136,15030,187,3776,13
982,6738,136,15036,187,3784,13
983,6745,136,15047,187,3785,13
984,6751,136,15089,187,3792,13
985,6760,136,15112,188,3810,13
986,6761,136,15151,188,3818,13
987,6761,136,15169,189,3826,13
988,6761,136,15186,191,3826,13
989,6761,136,15210,191,3836,13
990,6764,136,15230,191,3843,13
991,6772,136,15250,192,3856,13
992,6776,136,15266,192,3857,13
993,6778,136,15287,192,3865,13
994,6778,136,15305,192,3874,13
995,6780,136,15330,192,3877,13
996,6782,136,15355,192,3884,13
997,6785,136,15361,192,3895,13
998,6785,136,15377,193,3915,13
999,6787,136,15387,193,3935,13
1000,6787,136,15417,194,3957,13
1001,6787,136,15445,194,3965,13
1002,6793,136,15464,195,3969,13
1003,6803,137,15481,195,3980,13
1004,6810,137,15486,195,3989,13
1005,6815,139,15490,195,4016,13
1006,6821,139,15496,195,4044,13
1007,6821,139,15517,195,4056,13
1008,6822,139,15544,195,4060,13
1009,6837,139,15577,195,4079,13
1010,6864,140,15610,195,4087,13
1011,6894,140,15617,196,4089,13
1012,6908,141,15631,196,4103,13
1013,6916,141,15653,196,4123,13
1014,6917,141,15691,197,4136,13
1015,6921,141,15727,197,4142,13
1016,6942,141,15766,197,4149,13
1017,6956,141,15785,197,4160,13
1018,6970,141,15798,197,4173,13
1019,6988,141,15809,197,4188,13
1020,6999,141,15828,197,4194,13
1021,6999,141,15842,197,4198,13
1022,6999,141,15862,201,4201,13
1023,7001,141,15875,203,4206,13
1024,7001,141,15885,203,4236,13
1025,7003,141,15895,203,4243,13
1026,7006,141,15911,207,4264,13
1027,7009,142,15928,208,4289,13
1028,7009,142,15947,210,4307,13
1029,7009,142,15967,210,4307,13
1030,7012,142,15980,211,4307,13
1031,7012,142,15996,213,4318,13
1032,7012,142,16004,213,4320,13
1033,7012,142,16018,213,4323,13
1034,7013,142,16035,214,4344,13
1035,7013,142,16050,214,4366,13
1036,7013,142,16072,214,4369,13
1037,7015,142,16118,216,4370,13
1038,7029,143,16147,216,4392,13
1039,7041,144,16172,216,4406,13
1040,7047,144,16180,216,4426,13
1041,7058,144,16221,217,4436,13
1042,7062,144,16243,217,4449,13
1043,7063,144,16271,218,4478,13
1044,7068,144,16282,218,4488,13
1045,7090,146,16309,219,4489,13
1046,7100,146,16328,219,4494,13
1047,7113,146,16338,219,4519,13
1048,7122,146,16368,219,4538,13
1049,7124,146,16406,220,4551,13
1050,7125,146,16434,221,4554,13
1051,7127,146,16480,222,4554,13
1052,7143,147,16522,222,4561,13
1053,7179,151,16538,222,4568,14
1054,7204,152,16551,222,4578,14
1055,7213,152,16584,222,4593,14
1056,7215,152,16621,223,4611,14
1057,7215,152,16657,225,4624,14
1058,7225,153,16689,226,4628,14
1059,7236,154,16710,227,4634,14
1060,7253,154,16729,228,4645,14
1061,7262,154,16751,228,4645,14
1062,7270,154,16772,228,4648,14
1063,7273,154,16809,228,4655,14
1064,7277,154,16830,229,4666,14
1065,7293,154,16853,229,4673,14
1066,7321,155,16882,230,4689,14
1067,7340,155,16916,230,4705,14
1068,7361,157,16955,230,4729,14
1069,7373,157,16972,230,4747,14
1070,7377,157,16995,231,4772,14
1071,7377,157,17019,231,4778,15
1072,7385,157,17052,231,4783,16
1073,7398,157,17069,233,4800,16
1074,7417,157,17084,234,4811,16
1075,7427,157,17093,234,4828,16
1076,7445,158,17116,235,4854,16
1077,7447,158,17140,237,4881,17
1078,7448,158,17170,237,4886,17
1079,7455,158,17202,238,4903,17
1080,7460,158,17216,238,4943,17
1081,7484,159,17238,238,4950,17
1082,7495,159,17246,238,4961,17
1083,7505,159,17260,238,4975,17
1084,7511,159,17273,238,5002,18
1085,7512,159,17292,239,5011,18
1086,7513,159,17317,240,5011,18
1087,7531,161,17348,240,5037,18
1088,7550,161,17370,242,5055,18
1089,7563,161,17380,242,5085,18
1090,7577,161,17419,244,5126,19
1091,7579,161,17460,245,5157,19
1092,7580,161,17482,246,5169,19
1093,7587,162,17520,246,5169,19
1094,7594,162,17553,246,5189,19
1095,7607,162,17588,248,5222,20
1096,7621,162,17611,250,5246,20
1097,7632,162,17643,250,5266,20
1098,7643,163,17663,251,5296,21
1099,7655,163,17692,252,5312,21
1100,7685,164,17740,252,5327,21
1101,7703,164,17776,254,5368,21
1102,7717,164,17787,255,5414,21
1103,7730,164,17809,256,5454,22
1104,7747,164,17839,258,5503,22
1105,7750,164,17881,259,5537,23
1106,7750,164,17910,259,5549,23
1107,7754,164,17940,260,5551,23
1108,7771,164,17974,262,5588,23
1109,7787,164,18002,262,5626,23
1110,7803,164,18025,262,5643,23
1111,7811,164,18050,263,5674,23
1112,7811,164,18078,263,5717,23
1113,7812,164,18098,263,5729,23
1114,7821,164,18109,265,5729,23
1115,7831,164,18121,267,5762,23
1116,7850,164,18145,268,5797,23
1117,7855,165,18160,270,5845,24
1118,7878,166,18190,270,5875,24
1119,7881,166,18219,270,5914,24
1120,7887,167,18269,273,5933,24
1121,7901,167,18303,274,5935,24
1122,7927,168,18333,274,5973,24
1123,7938,168,18348,274,5997,24
1124,7943,168,18360,276,6020,24
1125,7951,168,18380,276,6046,24
1126,7954,168,18406,277,6072,24
1127,7956,168,18461,277,6079,24
1128,7974,169,18485,277,6084,24
1129,7989,170,18510,278,6108,24
1130,8002,170,18521,279,6148,24
1131,8015,171,18538,280,6191,25
1132,8034,171,18576,282,6238,25
1133,8035,171,18612,284,6287,25
1134,8036,171,18630,284,6297,25
1135,8044,172,18649,284,6300,25
1136,8053,173,18672,284,6345,26
1137,8078,173,18688,284,6378,26
1138,8107,174,18703,286,6421,26
1139,8127,174,18727,286,6470,26
1140,8128,174,18763,287,6515,26
1141,8131,174,18796,287,6524,26
1142,8143,174,18825,287,6524,26
1143,8150,174,18852,288,6527,26
1144,8164,175,18886,288,6560,26
1145,8182,176,18908,289,6595,26
1146,8196,177,18953,289,6629,27
1147,8203,177,18983,289,6680,27
1148,8204,177,19010,292,6688,27
1149,8220,177,19048,293,6689,27
1150,8232,177,19082,294,6718,27
1151,8248,177,19099,294,6739,28
1152,8263,177,19126,294,6774,28
1153,8269,177,19153,295,6816,28
1154,8271,177,19194,296,6870,28
1155,8273,177,19220,296,6889,28
1156,8297,177,19245,296,6897,28
1157,8308,177,19265,296,6932,28
1158,8316,177,19294,298,6985,28
1159,8320,177,19318,299,7038,28
1160,8326,177,19354,299,7067,28
1161,8329,177,19378,300,7119,28
1162,8334,177,19406,300,7129,28
1163,8338,177,19440,301,7131,28
1164,8342,177,19456,301,7148,28
1165,8357,177,19465,303,7180,28
1166,8370,178,19479,303,7240,29
1167,8388,179,19505,303,7265,29
1168,8394,179,19524,304,7298,29
1169,8396,179,19548,305,7304,29
1170,8413,180,19578,307,7319,29
1171,8422,180,19608,311,7346,29
1172,8436,181,19619,312,7369,29
1173,8440,181,19632,313,7403,29
1174,8448,182,19650,313,7432,29
1175,8450,182,19669,313,7464,29
1176,8458,182,19690,313,7469,29
1177,8465,182,19726,313,7473,29
1178,8475,182,19741,313,7519,29
1179,8494,182,19749,313,7542,29
1180,8507,183,19761,314,7611,30
1181,8521,183,19788,314,7673,30
1182,8523,183,19808,314,7723,30
1183,8528,183,19841,314,7744,30
1184,8540,183,19862,314,7774,31
1185,8559,183,19879,314,7807,31
1186,8578,183,19898,314,7849,31
1187,8594,183,19921,314,7881,31
1188,8612,183,19962,315,7908,31
1189,8615,183,19989,316,7933,31
1190,8616,183,20011,317,7943,31
1191,8633,185,20030,319,7957,31
1192,8649,187,20046,320,7994,31
1193,8659,187,20062,323,8024,31
1194,8673,188,20071,324,8048,32
1195,8688,188,20087,327,8078,33
1196,8692,188,20117,329,8098,33
1197,8693,188,20148,330,8106,34
1198,8703,188,20189,330,8115,34
1199,8722,188,20214,330,8154,34
1200,8734,188,20221,330,8176,34
1201,8753,189,20236,332,8225,34
1202,8768,189,20266,332,8253,34
1203,8770,189,20291,332,8276,34
1204,8778,189,20321,333,8283,34
1205,8801,190,20336,333,8299,34
1206,8811,190,20345,335,8331,34
1207,8821,191,20364,336,8361,34
1208,8831,191,20376,336,8390,34
1209,8844,191,20396,336,8408,34
1210,8844,191,20406,337,8429,35
1211,8846,191,20422,337,8442,35
1212,8869,191,20434,339,8445,35
1213,8885,191,20445,339,8460,35
1214,8901,192,20455,339,8492,35
1215,8916,192,20458,340,8537,35
1216,8924,193,20471,340,8562,35
1217,8927,193,20480,341,8583,35
1218,8927,193,20498,342,8592,35
1219,8933,193,20511,343,8601,35
1220,8940,193,20528,344,8615,35
1221,8956,193,20535,347,8630,35
1222,8968,194,20550,349,8659,35
1223,8979,194,20570,352,8685,35
1224,8987,195,20594,353,8707,35
1225,8991,195,20603,353,8711,35
1226,9009,195,20611,354,8713,35
1227,9035,195,20628,355,8713,35
1228,9060,197,20633,355,8714,35
1229,9079,197,20640,355,8714,35
1230,9087,197,20651,356,8717,35
1231,9087,197,20681,357,8722,35
1232,9091,197,20695,358,8730,35
1233,9117,197,20710,360,8747,35
1234,9130,197,20733,362,8764,35
1235,9145,199,20737,363,8790,35
1236,9164,199,20745,363,8840,35
1237,9182,199,20759,365,8893,35
1238,9187,199,20776,366,8945,35
1239,9191,199,20788,366,8975,35
1240,9199,199,20804,369,8986,35
1241,9210,199,20824,370,9031,35
1242,9226,200,20831,371,9069,35
1243,9245,200,20843,371,9109,35
1244,9257,201,20868,371,9166,35
1245,9259,201,20877,373,9209,35
1246,9264,201,20890,374,9242,36
1247,9272,201,20906,374,9254,36
1248,9274,201,20914,375,9278,36
1249,9276,201,20931,376,9310,36
1250,9288,201,20939,377,9357,36
1251,9294,201,20951,377,9382,36
1252,9297,201,20960,377,9409,36
1253,9297,201,20969,379,9428,36
1254,9309,201,20985,379,9441,36
1255,9314,201,20998,379,9469,36
1256,9330,202,21004,379,9486,36
1257,9335,202,21025,380,9497,36
1258,9347,203,21039,381,9502,36
1259,9348,203,21055,382,9517,36
1260,9352,203,21064,382,9533,36
1261,9363,203,21073,382,9544,36
1262,9381,205,21082,383,9561,36
1263,9399,205,21095,383,9582,36
1264,9414,205,21108,383,9597,36
1265,9417,205,21121,384,9625,36
1266,9419,205,21132,384,9658,36
1267,9423,205,21145,385,9689,36
1268,9448,205,21159,387,9695,36
1269,9462,205,21182,387,9740,36
1270,9476,205,21195,387,9779,36
1271,9493,205,21206,388,9823,36
1272,9514,206,21216,390,9850,36
1273,9515,206,21233,392,9905,37
1274,9518,206,21254,392,9941,37
1275,9543,208,21282,393,9952,37
1276,9554,208,21307,393,9981,37
1277,9567,208,21320,394,10006,37
1278,9574,208,21341,394,10052,37
1279,9582,208,21357,395,10108,37
1280,9585,208,21371,395,10159,37
1281,9585,208,21432,395,10190,37
1282,9595,208,21482,395,10194,37
1283,9603,208,21539,395,10246,37
1284,9618,209,21615,396,10292,37
1285,9637,210,21663,397,10393,37
1286,9642,210,21678,397,10445,37
1287,9644,210,21681,397,10488,37
1288,9644,210,21691,397,10495,37
1289,9657,210,21698,397,10510,37
1290,9666,210,21747,397,10543,37
1291,9686,210,21762,398,10585,37
1292,9704,210,21773,398,10617,37
1293,9715,211,21816,399,10656,37
1294,9720,211,21834,400,10687,37
1295,9723,211,21849,402,10736,38
1296,9748,211,21866,403,10745,38
1297,9759,211,21882,404,10798,38
1298,9767,211,21895,405,10830,38
1299,9771,211,21907,407,10896,38
1300,9782,212,21936,407,10964,38
1301,9783,212,21968,408,11014,38
1302,9785,212,21980,411,11036,38
1303,9804,212,21998,413,11075,38
1304,9811,212,22016,415,11108,38
1305,9822,212,22034,417,11129,38
1306,9832,212,22050,419,11184,38
1307,9840,212,22063,421,11206,38
1308,9843,212,22079,421,11247,38
1309,9843,212,22112,423,11255,38
1310,9849,212,22138,423,11266,38
1311,9857,212,22166,426,11293,38
1312,9874,212,22181,427,11321,38
1313,9896,213,22197,429,11365,38
1314,9902,213,22205,430,11411,38
1315,9905,213,22217,431,11459,38
1316,9908,213,22233,434,11480,38
1317,9912,213,22248,437,11490,38
1318,9927,215,22260,439,11519,38
1319,9941,215,22269,444,11549,38
1320,9964,215,22285,444,11603,38
1321,9987,217,22306,444,11647,38
1322,9991,217,22331,446,11682,38
1323,9993,217,22345,446,11702,38
1324,10008,218,22386,447,11712,38
1325,10041,218,22417,447,11746,38
1326,10058,218,22431,448,11775,38
1327,10063,218,22450,452,11799,38
1328,10069,218,22465,454,11843,38
1329,10070,218,22477,456,11878,38
1330,10071,218,22491,456,11902,38
1331,10076,218,22514,458,11917,38
1332,10097,218,22565,459,11943,38
1333,10116,219,22580,459,11977,38
1334,10137,220,22599,461,12013,38
1335,10141,220,22626,463,12038,38
1336,10143,220,22644,464,12113,38
1337,10143,220,22660,467,12122,38
1338,10156,222,22684,468,12128,38
1339,10190,222,22717,468,12156,38
1340,10210,222,22741,468,12181,38
1341,10237,222,22765,469,12210,38
1342,10254,223,22784,470,12249,38
1343,10256,223,22800,473,12272,38
1344,10258,223,22822,473,12287,38
1345,10273,223,22837,473,12304,38
1346,10288,223,22855,473,12333,38
1347,10324,225,22872,474,12371,38
1348,10334,225,22893,474,12420,38
1349,10348,225,22931,476,12438,38
1350,10352,225,22943,477,12458,38
1351,10366,225,22967,480,12498,38
1352,10388,225,22989,481,12510,38
1353,10407,225,23014,482,12542,38
1354,10423,225,23021,482,12583,38
1355,10432,225,23037,482,12642,38
1356,10456,226,23045,484,12686,38
1357,10461,227,23059,484,12732,39
1358,10465,227,23079,485,12748,39
1359,10471,227,23095,485,12753,39
1360,10481,227,23108,486,12777,39
1361,10492,227,23127,486,12816,39
1362,10496,227,23159,487,12848,39
1363,10501,227,23167,488,12887,39
1364,10503,227,23177,488,12927,39
1365,10508,228,23191,488,12944,39
1366,10525,229,23204,489,12962,39
1367,10536,229,23221,489,13002,39
1368,10552,229,23232,489,13035,39
1369,10575,229,23266,494,13065,39
1370,10599,229,23272,495,13104,40
1371,10599,229,23292,497,13169,41
1372,10599,229,23308,497,13183,41
1373,10614,229,23332,497,13207,41
1374,10628,229,23360,497,13234,41
1375,10653,230,23393,497,13272,41
1376,10672,231,23406,499,13309,41
1377,10688,231,23419,499,13345,41
1378,10692,231,23441,499,13393,41
1379,10698,231,23461,499,13428,41
1380,10727,233,23491,499,13476,41
1381,10765,234,23513,499,13509,41
1382,10797,235,23517,499,13539,41
1383,10827,235,23532,501,13576,41
1384,10850,235,23539,501,13619,41
1385,10852,235,23600,501,13677,41
1386,10854,235,23620,503,13709,41
1387,10878,235,23640,505,13742,41
1388,10911,235,23659,507,13793,41
1389,10952,235,23673,508,13841,41
1390,10982,235,23683,511,13879,41
1391,10998,235,23701,513,13937,41
1392,10999,235,23730,515,13994,41
1393,11002,235,23755,516,14029,41
1394,11005,235,23773,516,14055,41
1395,11006,235,23792,516,14112,41
1396,11006,235,23804,517,14169,41
1397,11006,235,23810,518,14207,41
1398,11006,235,23831,520,14261,41
1399,11006,235,23857,521,14345,41
1400,11006,235,23873,522,14400,41
1401,11006,235,23896,524,14481,41
1402,11014,236,23915,526,14548,41
1403,11021,236,23929,526,14579,41
1404,11031,236,23946,527,14632,41
1405,11039,237,23964,528,14671,41
1406,11040,237,23987,530,14699,41
1407,11041,237,23999,531,14712,41
1408,11068,237,24007,531,14719,41
1409,11094,238,24035,535,14734,41
1410,11114,238,24042,535,14738,41
1411,11145,238,24062,539,14745,41
1412,11159,238,24073,541,14749,41
1413,11166,238,24080,541,14768,41
1414,11174,239,24124,541,14770,41
1415,11188,239,24144,542,14776,41
1416,11213,239,24172,542,14777,41
1417,11240,239,24200,545,14780,41
1418,11275,239,24217,545,14787,41
1419,11303,239,24238,548,14803,41
1420,11308,239,24267,548,14815,41
1421,11316,239,24281,550,14819,41
1422,11346,239,24298,552,14822,41
1423,11364,239,24311,552,14846,41
1424,11405,243,24344,553,14876,41
1425,11422,243,24368,555,14895,41
1426,11439,243,24414,558,14928,42
1427,11440,243,24435,558,14963,42
1428,11452,243,24465,558,14980,42
1429,11488,243,24481,558,14997,42
1430,11526,244,24492,558,15016,42
1431,11546,244,24496,558,15040,42
1432,11570,244,24515,560,15068,42
1433,11602,244,24549,560,15089,43
1434,11619,244,24593,561,15127,43
1435,11624,244,24615,563,15139,43
1436,11659,245,24629,564,15155,43
1437,11679,245,24650,564,15177,45
1438,11716,246,24671,564,15216,45
1439,11741,246,24686,567,15255,45
1440,11789,247,24703,568,15330,45
1441,11804,247,24724,569,15358,45
1442,11826,248,24737,571,15372,45
1443,11864,250,24759,572,15373,45
1444,11903,250,24778,574,15431,45
1445,11938,252,24791,577,15486,45
1446,11982,252,24808,579,15538,45
1447,12016,252,24823,579,15582,46
1448,12036,252,24835,581,15617,46
1449,12059,252,24853,581,15619,46
1450,12080,252,24876,582,15626,46
1451,12116,252,24902,582,15682,46
1452,12152,252,24921,582,15737,46
1453,12181,252,24934,583,15783,46
1454,12202,252,24951,584,15848,46
1455,12207,252,24968,587,15872,46
1456,12211,252,24984,587,15887,46
1457,12232,252,25005,587,15915,46
1458,12256,253,25034,588,15961,46
1459,12286,253,25044,588,15983,46
1460,12318,253,25048,588,16043,46
1461,12332,253,25082,588,16093,46
1462,12341,253,25107,592,16147,46
1463,12347,254,25136,592,16166,46
1464,12397,256,25150,592,16188,46
1465,12429,256,25163,593,16233,46
1466,12494,256,25175,594,16299,47
1467,12530,256,25184,594,16390,48
1468,12541,257,25209,595,16463,48
1469,12549,258,25231,596,16517,48
1470,12553,258,25255,596,16532,48
1471,12581,259,25287,597,16542,48
1472,12612,259,25307,597,16591,48
1473,12633,259,25320,598,16657,48
1474,12656,259,25329,601,16717,48
1475,12666,260,25354,605,16788,48
1476,12673,260,25373,606,16852,48
1477,12674,260,25399,610,16882,48
1478,12682,260,25424,612,16908,48
1479,12696,260,25472,619,16946,48
1480,12708,260,25494,621,16970,48
1481,12719,260,25519,621,16996,48
1482,12731,260,25545,621,17015,48
1483,12736,260,25556,623,17034,48
1484,12738,260,25585,623,17042,48
1485,12754,261,25615,626,17043,48
1486,12782,261,25641,628,17050,48
1487,12790,261,25650,631,17071,48
1488,12790,261,25657,632,17097,48
1489,12800,262,25678,634,17128,48
1490,12800,262,25696,637,17151,48
1491,12800,262,25710,637,17155,48
1492,12810,263,25732,637,17155,48
1493,12818,264,25754,638,17177,48
1494,12828,264,25773,638,17205,48
1495,12841,265,25803,638,17234,48
1496,12844,265,25827,639,17295,48
1497,12846,265,25853,639,17328,48
1498,12846,265,25870,639,17333,48
1499,12850,265,25891,640,17333,48
1500,12868,266,25931,642,17348,48
1501,12876,266,25941,642,17367,48
1502,12884,266,25959,642,17396,48
1503,12887,266,25989,643,17447,49
1504,12889,266,26007,644,17493,50
1505,12890,266,26040,644,17508,50
1506,12895,266,26055,646,17514,50
1507,12901,266,26083,649,17528,50
1508,12906,267,26102,651,17548,50
1509,12911,267,26111,651,17575,50
1510,12920,267,26138,652,17613,51
1511,12925,268,26153,653,17630,51
1512,12926,268,26185,654,17640,51
1513,12936,268,26210,655,17641,51
1514,12945,268,26224,657,17664,51
1515,12961,268,26234,659,17688,51
1516,12974,268,26240,661,17727,51
1517,12984,269,26264,661,17764,51
1518,12985,269,26278,662,17796,51
1519,12986,269,26292,664,17801,51
1520,12993,269,26307,666,17801,51
1521,13002,269,26314,666,17822,51
1522,13009,269,26318,666,17859,51
1523,13015,269,26329,667,17906,51
1524,13027,269,26348,667,17958,51
1525,13032,269,26363,669,17994,51
1526,13032,269,26377,670,17998,51
1527,13039,270,26397,671,18007,51
1528,13040,270,26405,672,18034,52
1529,13045,270,26420,673,18084,52
1530,13045,270,26435,673,18110,52
1531,13051,270,26445,673,18130,52
1532,13051,270,26461,673,18145,52
1533,13052,270,26470,673,18157,52
1534,13059,271,26482,675,18186,52
1535,13069,272,26504,676,18212,53
1536,13077,272,26517,676,18249,53
1537,13087,272,26523,679,18281,53
1538,13091,274,26530,679,18313,53
1539,13093,274,26542,679,18338,53
1540,13094,274,26555,680,18350,53
1541,13102,274,26574,681,18357,53
1542,13126,274,26600,684,18383,53
1543,13140,274,26610,684,18408,53
1544,13161,274,26628,686,18433,53
1545,13167,275,26640,686,18471,53
1546,13168,275,26653,686,18505,53
1547,13169,275,26666,686,18516,53
1548,13174,275,26680,688,18519,53
1549,13194,276,26704,688,18535,53
1550,13223,277,26733,690,18558,53
1551,13233,277,26745,690,18602,53
1552,13241,278,26766,692,18619,53
1553,13249,278,26790,693,18633,53
1554,13256,278,26809,694,18640,53
1555,13271,278,26829,696,18643,53
1556,13283,278,26859,696,18667,54
1557,13295,280,26874,697,18682,55
1558,13311,280,26882,699,18690,55
1559,13322,280,26911,702,18712,55
1560,13323,280,26928,706,18741,55
1561,13323,280,26945,706,18749,55
1562,13326,280,26961,707,18761,55
1563,13329,280,26975,708,18781,55
1564,13344,281,26984,710,18801,55
1565,13348,281,27000,711,18818,55
1566,13351,281,27019,713,18827,55
1567,13352,281,27034,714,18846,55
1568,13352,281,27064,715,18860,55
1569,13356,281,27101,715,18874,55
1570,13359,281,27131,716,18892,55
1571,13362,281,27144,718,18906,56
1572,13363,281,27162,720,18921,56
1573,13366,281,27203,721,18941,56
1574,13366,281,27222,722,18966,56
1575,13375,282,27239,722,18982,57
1576,13400,287,27257,725,18997,57
1577,13402,287,27267,725,19010,57
1578,13409,287,27289,730,19050,57
1579,13413,287,27303,731,19085,57
1580,13415,287,27319,733,19103,57
1581,13420,287,27345,735,19132,57
1582,13424,287,27368,737,19148,57
1583,13429,287,27388,737,19154,57
1584,13436,287,27408,738,19183,57
1585,13438,287,27422,742,19210,57
1586,13440,287,27427,744,19243,57
1587,13441,287,27436,745,19281,57
1588,13441,287,27447,745,19328,57
1589,13444,288,27462,747,19345,57
1590,13446,288,27479,749,19349,57
1591,13449,288,27499,749,19360,57
1592,13453,288,27519,750,19362,57
1593,13462,288,27534,750,19364,57
1594,13466,288,27561,752,19364,57
1595,13468,288,27586,752,19368,57
1596,13469,288,27605,752,19368,57
1597,13473,288,27623,752,19369,57
1598,13474,288,27643,753,19381,57
1599,13475,288,27660,754,19403,57
1600,13477,288,27685,756,19442,57
1601,13480,288,27712,756,19470,57
1602,13480,288,27732,756,19516,57
1603,13484,288,27753,761,19531,57
1604,13488,288,27789,765,19533,57
1605,13489,288,27813,766,19552,57
1606,13494,288,27836,768,19570,57
1607,13500,289,27852,768,19585,57
1608,13506,289,27878,772,19605,57
1609,13508,289,27895,773,19633,57
1610,13513,289,27910,775,19649,57
1611,13534,289,27925,776,19660,57
1612,13542,289,27949,776,19679,58
1613,13548,289,27977,777,19694,58
1614,13551,289,27993,778,19725,58
1615,13565,289,28018,781,19749,58
1616,13567,289,28036,782,19775,58
1617,13574,289,28059,782,19792,58
1618,13579,289,28095,783,19795,58
1619,13591,289,28108,786,19814,58
1620,13599,289,28124,790,19856,58
1621,13611,289,28143,792,19871,58
1622,13613,289,28165,793,19871,58
1623,13614,289,28201,795,19874,58
1624,13614,289,28230,796,19877,58
1625,13615,289,28279,797,19879,58
1626,13620,289,28285,797,19879,58
1627,13627,289,28295,798,19879,58
1628,13633,289,28315,798,19879,58
1629,13641,289,28352,800,19883,58
1630,13643,289,28394,803,19884,58
1631,13643,289,28437,805,19884,58
1632,13652,289,28485,806,19886,58
1633,13657,289,28540,807,19901,58
1634,13666,292,28564,809,19926,58
1635,13675,293,28595,812,19938,58
1636,13685,293,28616,814,19973,58
1637,13686,293,28661,815,20016,58
1638,13688,293,28684,816,20034,58
1639,13688,293,28704,817,20044,58
1640,13693,294,28733,819,20054,58
1641,13701,294,28760,821,20081,58
1642,13706,294,28801,824,20103,58
1643,13721,297,28845,829,20131,58
1644,13731,298,28880,832,20159,58
1645,13732,298,28905,832,20166,58
1646,13736,298,28942,834,20168,58
1647,13743,300,28975,836,20202,58
1648,13747,301,29005,838,20237,58
1649,13754,301,29019,839,20271,58
1650,13768,301,29057,843,20311,59
1651,13770,301,29085,843,20344,59
1652,13774,301,29105,844,20360,59
1653,13781,301,29113,845,20369,59
1654,13794,302,29140,848,20381,59
1655,13804,303,29160,850,20405,59
1656,13816,303,29180,853,20446,59
1657,13825,303,29220,854,20473,59
1658,13825,303,29288,856,20500,59
1659,13825,303,29311,856,20518,59
1660,13841,303,29351,857,20525,59
1661,13862,304,29405,858,20542,59
1662,13869,304,29440,863,20560,59
1663,13882,305,29508,865,20611,59
1664,13893,305,29577,869,20648,59
1665,13899,305,29629,872,20681,59
1666,13906,305,29685,876,20697,59
1667,13940,306,29752,878,20698,59
1668,13948,306,29792,883,20713,59
1669,13959,307,29826,893,20755,59
1670,13972,309,29875,900,20813,59
1671,13981,310,29923,905,20861,59
1672,13983,310,29968,908,20892,59
1673,13986,310,29998,910,20903,60
1674,13992,310,30032,915,20910,60
1675,13999,310,30081,918,20931,60
1676,14006,310,30116,922,20954,60
1677,14018,311,30152,926,20979,60
1678,14024,311,30178,927,20997,60
1679,14030,311,30208,933,21029,60
1680,14069,311,30250,935,21059,60
1681,14080,311,30290,937,21063,60
1682,14097,312,30313,937,21073,60
1683,14111,313,30344,938,21100,60
1684,14124,314,30362,943,21116,61
1685,14136,314,30405,945,21146,61
1686,14137,314,30444,946,21203,61
1687,14137,314,30470,948,21217,61
1688,14143,314,30493,949,21234,61
1689,14152,314,30519,952,21265,61
1690,14161,315,30547,955,21296,62
1691,14167,316,30564,957,21340,62
1692,14174,316,30586,958,21360,62
1693,14178,316,30613,959,21387,62
1694,14189,318,30650,961,21406,62
1695,14202,318,30689,962,21426,62
1696,14205,318,30716,964,21459,62
1697,14208,318,30741,967,21515,62
1698,14211,318,30747,967,21551,62
1699,14218,318,30772,968,21621,62
1700,14218,318,30795,968,21660,62
1701,14221,318,30845,970,21687,62
1702,14232,320,30896,971,21717,62
1703,14244,321,30949,974,21740,62
1704,14261,322,30971,977,21779,63
1705,14293,322,31018,980,21817,63
1706,14300,322,31045,983,21866,63
1707,14304,322,31100,983,21901,63
1708,14307,322,31162,986,21916,63
1709,14309,322,31202,987,21935,63
1710,14319,322,31240,988,21971,63
1711,14343,324,31265,993,22015,63
1712,14356,324,31287,994,22064,63
1713,14364,324,31328,996,22110,63
1714,14366,324,31363,999,22149,63
1715,14367,324,31393,999,22178,63
1716,14378,326,31411,999,22197,63
1717,14392,326,31437,1000,22221,63
1718,14401,326,31469,1003,22256,63
1719,14411,326,31486,1006,22305,63
1720,14419,326,31517,1009,22366,63
1721,14421,326,31543,1009,22401,63
1722,14428,326,31570,1012,22431,63
1723,14439,326,31598,1015,22462,63
1724,14440,326,31619,1016,22481,63
1725,14446,327,31628,1017,22532,63
1726,14450,327,31656,1018,22568,63
1727,14454,327,31668,1018,22609,63
1728,14458,328,31695,1018,22637,63
1729,14465,328,31721,1019,22648,63
1730,14492,328,31742,1020,22654,63
1731,14507,328,31760,1021,22671,63
1732,14515,328,31785,1024,22696,63
1733,14521,328,31814,1025,22732,63
1734,14528,328,31828,1026,22774,63
1735,14535,328,31850,1028,22825,63
1736,14535,328,31885,1031,22835,63
1737,14541,328,31908,1032,22847,63
1738,14553,329,31926,1032,22885,63
1739,14562,329,31953,1032,22909,63
1740,14575,329,31967,1033,22983,64
1741,14577,329,31998,1034,23027,64
1742,14579,329,32035,1035,23064,64
1743,14582,329,32057,1036,23073,64
1744,14594,329,32088,1038,23126,64
1745,14611,332,32115,1039,23189,64
1746,14627,333,32142,1040,23233,64
1747,14639,334,32158,1045,23286,64
1748,14647,334,32193,1047,23336,64
1749,14649,334,32224,1048,23377,64
1750,14654,335,32263,1049,23408,64
1751,14671,335,32285,1049,23418,64
1752,14680,335,32310,1053,23452,64
1753,14686,335,32327,1055,23499,64
1754,14690,335,32332,1057,23539,64
1755,14704,335,32365,1059,23608,64
1756,14734,336,32409,1064,23649,65
1757,14734,336,32439,1064,23685,65
1758,14740,336,32465,1064,23700,65
1759,14741,336,32517,1069,23739,65
1760,14743,336,32530,1071,23784,65
1761,14744,336,32539,1075,23825,65
1762,14753,336,32568,1080,23870,65
1763,14756,336,32605,1082,23927,65
1764,14759,336,32645,1084,23941,65
1765,14759,336,32692,1088,23961,65
1766,14761,336,32720,1089,24004,65
1767,14779,338,32746,1089,24062,65
1768,14784,339,32758,1089,24114,65
1769,14791,339,32787,1089,24145,65
1770,14792,339,32835,1091,24178,65
1771,14801,340,32854,1091,24215,65
1772,14816,340,32891,1097,24237,65
1773,14824,341,32928,1099,24246,65
1774,14837,341,32946,1101,24275,65
1775,14846,342,32963,1104,24315,65
1776,14864,342,32993,1107,24347,65
1777,14870,342,33024,1109,24377,65
1778,14871,342,33055,1112,24390,65
1779,14883,342,33088,1113,24408,65
1780,14887,342,33102,1115,24423,65
1781,14889,342,33126,1117,24460,65
1782,14896,342,33144,1118,24485,65
1783,14929,344,33162,1119,24506,65
1784,14934,344,33202,1121,24517,65
1785,14935,344,33228,1126,24527,65
1786,14938,344,33251,1128,24531,65
1787,14962,346,33281,1133,24543,65
1788,14971,346,33310,1137,24548,65
1789,14979,346,33340,1144,24554,65
1790,14984,346,33392,1145,24554,65
1791,14986,346,33423,1147,24560,65
1792,14989,346,33452,1152,24562,65
1793,15007,346,33484,1156,24565,65
1794,15015,347,33512,1162,24584,65
1795,15048,351,33536,1168,24600,65
1796,15069,351,33552,1169,24657,65
1797,15086,351,33563,1172,24683,65
1798,15093,351,33594,1176,24708,65
1799,15112,351,33607,1177,24718,65
1800,15130,351,33622,1179,24720,65
1801,15140,351,33643,1181,24739,65
1802,15148,351,33655,1184,24762,65
1803,15159,353,33672,1187,24825,65
1804,15172,353,33687,1189,24889,65
1805,15180,353,33707,1190,24922,65
1806,15184,353,33729,1192,24941,65
1807,15201,354,33745,1194,24949,65
1808,15205,354,33757,1194,24968,65
1809,15226,354,33775,1199,24993,65
1810,15254,356,33788,1200,25034,65
1811,15281,356,33800,1201,25069,65
1812,15283,356,33809,1202,25076,65
1813,15285,356,33830,1206,25079,65
1814,15294,356,33844,1207,25079,65
1815,15312,357,33874,1210,25091,65
1816,15340,360,33890,1212,25112,65
1817,15361,360,33904,1213,25161,65
1818,15383,360,33921,1216,25201,65
1819,15392,360,33965,1219,25249,65
1820,15402,360,34012,1222,25274,65
1821,15421,360,34032,1222,25282,65
1822,15450,361,34055,1223,25326,65
1823,15477,361,34067,1224,25348,65
1824,15509,363,34082,1224,25384,65
1825,15545,363,34102,1226,25432,65
1826,15552,363,34116,1226,25483,65
1827,15560,363,34141,1226,25511,65
1828,15579,363,34161,1227,25524,65
1829,15591,363,34188,1227,25551,65
1830,15617,364,34199,1227,25601,65
1831,15636,365,34212,1228,25642,67
1832,15646,365,34228,1230,25680,67
1833,15653,366,34241,1231,25720,67
1834,15661,366,34267,1233,25756,67
1835,15700,368,34292,1235,25786,67
1836,15734,370,34311,1235,25817,67
1837,15752,370,34323,1236,25848,68
1838,15774,371,34331,1236,25876,68
1839,15801,372,34363,1236,25915,68
1840,15804,372,34394,1238,25975,68
1841,15805,372,34422,1239,26006,68
1842,15817,372,34438,1239,26018,68
1843,15835,372,34452,1240,26043,68
1844,15857,372,34461,1241,26082,68
1845,15878,372,34481,1243,26098,68
1846,15902,372,34502,1243,26121,68
1847,15910,372,34529,1243,26138,68
1848,15913,372,34564,1245,26149,68
1849,15936,372,34584,1245,26150,68
1850,15955,372,34604,1245,26172,68
1851,15976,372,34624,1247,26191,68
1852,15991,372,34641,1249,26219,68
1853,16008,373,34680,1252,26259,68
1854,16020,373,34703,1252,26276,68
1855,16026,373,34712,1253,26279,68
1856,16037,373,34731,1254,26285,68
1857,16055,373,34765,1254,26302,68
1858,16079,375,34784,1255,26338,68
1859,16100,377,34801,1256,26368,68
1860,16104,377,34850,1259,26384,68
1861,16113,377,34871,1262,26409,68
1862,16124,378,34890,1263,26425,68
1863,16135,378,34918,1264,26431,68
1864,16146,378,34942,1265,26446,68
1865,16153,378,34965,1267,26465,68
1866,16158,378,34981,1269,26509,68
1867,16168,378,35006,1271,26544,69
1868,16170,378,35032,1274,26558,69
1869,16171,378,35048,1276,26569,69
1870,16175,378,35070,1277,26581,69
1871,16181,378,35088,1278,26584,69
1872,16187,378,35095,1280,26605,69
1873,16196,378,35104,1281,26635,69
1874,16197,378,35121,1282,26666,69
1875,16203,378,35138,1283,26687,69
1876,16204,378,35155,1283,26707,69
1877,16210,378,35193,1286,26718,69
1878,16215,378,35230,1288,26735,69
1879,16220,378,35233,1288,26772,69
1880,16225,378,35247,1289,26804,69
1881,16227,378,35275,1290,26843,69
1882,16228,378,35312,1293,26878,69
1883,16229,378,35348,1295,26889,69
1884,16234,378,35367,1295,26889,69
1885,16247,378,35389,1297,26910,69
1886,16253,378,35400,1299,26939,69
1887,16256,378,35415,1300,26973,69
1888,16260,378,35432,1300,27001,70
1889,16260,378,35461,1301,27035,70
1890,16261,378,35477,1301,27042,70
1891,16269,379,35488,1302,27052,70
1892,16272,379,35504,1302,27080,70
1893,16278,379,35512,1302,27109,70
1894,16278,379,35530,1304,27130,70
1895,16278,379,35548,1305,27151,70
1896,16278,379,35564,1305,27186,70
1897,16279,379,35593,1307,27197,70
1898,16281,379,35608,1308,27201,70
1899,16295,381,35634,1309,27223,70
1900,16316,381,35642,1309,27255,70
1901,16320,381,35651,1310,27280,70
1902,16326,381,35667,1312,27315,70
1903,16333,381,35676,1313,27336,70
1904,16336,381,35697,1315,27344,70
1905,16349,381,35734,1318,27352,70
1906,16361,381,35747,1319,27366,70
1907,16378,381,35765,1319,27391,70
1908,16392,383,35775,1321,27416,70
1909,16402,384,35787,1322,27448,70
1910,16404,384,35804,1322,27493,70
1911,16404,384,35823,1323,27510,70
1912,16409,385,35848,1324,27529,70
1913,16420,385,35863,1324,27546,70
1914,16429,387,35874,1324,27577,70
1915,16439,387,35884,1324,27599,70
1916,16450,387,35899,1325,27610,71
1917,16453,387,35913,1325,27628,71
1918,16461,387,35930,1326,27636,71
1919,16472,387,35955,1330,27640,71
1920,16490,387,35974,1331,27658,71
1921,16499,387,35997,1333,27678,71
1922,16503,387,36017,1334,27701,71
1923,16505,387,36032,1336,27714,71
1924,16505,387,36041,1336,27730,71
1925,16513,387,36052,1336,27755,71
1926,16523,387,36085,1336,27763,71
1927,16540,387,36102,1336,27775,71
1928,16553,387,36116,1339,27798,71
1929,16564,388,36119,1339,27832,71
1930,16569,388,36132,1340,27839,71
1931,16572,388,36154,1340,27846,71
1932,16572,388,36186,1342,27854,71
1933,16584,392,36201,1342,27857,71
1934,16593,393,36216,1343,27885,76
1935,16595,393,36227,1346,27923,77
1936,16603,393,36235,1349,27988,77
1937,16610,393,36242,1351,28067,77
1938,16611,393,36272,1353,28110,78
1939,16612,393,36285,1355,28117,78
1940,16626,394,36306,1356,28143,78
1941,16638,394,36324,1357,28176,78
1942,16649,395,36333,1360,28215,78
1943,16664,395,36344,1360,28276,79
1944,16674,395,36360,1362,28323,79
1945,16674,395,36382,1364,28363,79
1946,16675,395,36399,1366,28384,79
1947,16687,395,36418,1368,28411,79
1948,16695,395,36436,1370,28474,79
1949,16700,395,36445,1372,28534,79
1950,16701,395,36461,1372,28572,80
1951,16706,396,36474,1373,28612,80
1952,16706,396,36489,1375,28660,80
1953,16707,396,36512,1375,28680,80
1954,16709,396,36527,1376,28682,80
1955,16713,396,36548,1377,28693,80
1956,16721,396,36563,1378,28701,80
1957,16733,396,36583,1382,28709,80
1958,16754,396,36596,1384,28716,80
1959,16755,396,36615,1384,28718,80
1960,16757,397,36635,1387,28730,80
1961,16765,400,36646,1387,28739,80
1962,16785,400,36655,1389,28778,82
1963,16794,400,36665,1389,28809,82
1964,16810,400,36679,1389,28834,84
1965,16824,400,36693,1392,28966,151
1966,16828,400,36739,1394,29084,193
1967,16828,400,36755,1395,29130,208
1968,16839,400,36775,1396,29181,219
1969,16847,400,36785,1397,29259,235
1970,16862,401,36796,1400,29327,244
1971,16873,401,36807,1401,29382,252
1972,16879,401,36827,1402,29439,260
1973,16884,401,36849,1402,29493,269
1974,16888,401,36869,1402,29523,274
1975,16909,401,36889,1406,29596,277
1976,16930,402,36900,1406,29813,279
1977,16957,403,36910,1406,29875,285
1978,16987,405,36918,1407,29967,288
1979,17002,405,36944,1411,30038,289
1980,17007,405,36967,1413,30071,291
1981,17015,406,36987,1414,30116,292
1982,17039,406,37005,1414,30162,293
1983,17058,407,37019,1415,30242,295
1984,17074,407,37028,1416,30322,297
1985,17104,408,37035,1416,30385,298
1986,17137,408,37050,1418,30417,299
1987,17144,408,37073,1419,30433,299
1988,17146,408,37093,1421,30452,301
1989,17167,408,37108,1422,30467,302
1990,17203,408,37120,1422,30492,306
1991,17245,409,37127,1424,30515,308
1992,17272,409,37135,1428,30542,309
1993,17298,411,37152,1429,30584,309
1994,17301,411,37176,1433,30629,310
1995,17304,411,37192,1434,30648,310
1996,17327,413,37206,1435,30672,310
1997,17337,413,37224,1435,30703,311
1998,17350,415,37233,1436,30732,313
1999,17357,415,37237,1436,30774,313
2000,17368,416,37248,1437,30800,313
2001,17381,416,37262,1438,30842,313
2002,17383,416,37274,1439,30875,314
2003,17386,416,37289,1440,30885,314
2004,17400,416,37308,1440,30923,316
2005,17407,416,37322,1440,30964,316
2006,17433,417,37330,1441,31021,318
2007,17444,417,37340,1443,31048,318
2008,17452,417,37362,1445,31087,318
2009,17452,417,37376,1447,31104,318
2010,17453,417,37397,1449,31141,319
2011,17457,417,37424,1450,31161,319
2012,17464,418,37439,1450,31190,320
2013,17469,418,37441,1450,31282,323
2014,17494,419,37454,1452,31343,323
2015,17494,419,37476,1452,31393,324
2016,17496,419,37491,1452,31421,325
2017,17518,420,37501,1452,31447,326
2018,17541,422,37505,1452,31516,329
2019,17564,422,37514,1454,31550,331
2020,17582,423,37518,1455,31589,332
2021,17591,424,37535,1457,31640,332
2022,17592,424,37555,1457,31673,333
2023,17596,424,37578,1457,31683,334
2024,17622,424,37591,1458,31701,334
2025,17634,424,37598,1460,31753,334
2026,17641,425,37608,1461,31793,334
2027,17649,425,37614,1462,31843,334
2028,17658,425,37630,1463,31885,334
2029,17659,425,37648,1465,31938,336
2030,17664,425,37672,1468,31967,336
2031,17683,425,37693,1469,31983,337
2032,17691,425,37709,1469,32026,337
2033,17697,425,37716,1472,32082,338
2034,17700,425,37721,1473,32131,339
2035,17706,425,37733,1473,32164,341
2036,17708,425,37759,1475,32215,341
2037,17709,425,37782,1476,32222,341
2038,17711,425,37809,1477,32232,341
2039,17714,426,37825,1479,32263,341
2040,17727,426,37844,1481,32308,344
2041,17739,426,37857,1483,32354,344
2042,17746,426,37866,1485,32417,347
2043,17747,426,37882,1487,32466,347
2044,17747,426,37912,1487,32484,348
2045,17755,427,37950,1491,32498,348
2046,17761,427,37974,1492,32552,349
2047,17769,427,37982,1493,32611,353
2048,17775,427,37994,1494,32687,353
2049,17782,427,38010,1495,32733,354
2050,17783,427,38036,1495,32771,354
2051,17783,427,38052,1495,32793,354
2052,17786,427,38076,1497,32813,354
2053,17798,428,38106,1499,32844,354
2054,17802,428,38121,1501,32896,355
2055,17808,428,38141,1505,32944,356
2056,17817,428,38161,1509,32999,358
2057,17818,428,38176,1511,33032,359
2058,17818,428,38202,1512,33055,361
2059,17821,428,38226,1512,33081,362
2060,17827,428,38236,1512,33139,362
2061,17829,428,38246,1513,33217,364
2062,17832,429,38268,1514,33300,365
2063,17834,429,38305,1516,33362,366
2064,17834,429,38340,1519,33420,367
2065,17834,429,38351,1521,33441,367
2066,17837,429,38393,1521,33467,367
2067,17849,429,38412,1521,33519,367
2068,17854,429,38434,1521,33569,367
2069,17856,429,38462,1523,33644,370
2070,17858,429,38479,1523,33720,370
2071,17858,429,38501,1524,33789,370
2072,17858,429,38522,1524,33811,370
2073,17860,429,38544,1524,33820,371
2074,17863,430,38554,1524,33862,371
2075,17864,430,38566,1526,33928,373
2076,17865,430,38580,1527,33971,374
2077,17867,430,38596,1529,34049,375
2078,17867,430,38633,1531,34102,376
2079,17867,430,38663,1531,34129,376
2080,17868,430,38695,1531,34138,376
2081,17874,430,38721,1531,34194,376
2082,17879,430,38737,1531,34244,377
2083,17880,430,38749,1531,34289,377
2084,17881,430,38765,1532,34339,377
2085,17881,430,38794,1535,34383,378
2086,17881,430,38819,1536,34407,379
2087,17883,430,38841,1537,34418,380
2088,17886,430,38858,1537,34452,380
2089,17887,430,38877,1538,34490,380
2090,17888,430,38913,1539,34538,380
2091,17888,430,38951,1540,34568,381
2092,17888,430,38993,1541,34619,381
2093,17888,430,39028,1541,34629,381
2094,17890,430,39053,1542,34646,383
2095,17890,430,39087,1543,34686,386
2096,17891,430,39101,1544,34724,386
2097,17891,430,39123,1544,34763,386
2098,17891,430,39134,1545,34808,386
2099,17891,430,39160,1545,34851,387
2100,17891,430,39180,1545,34876,388
2101,17898,430,39206,1547,34895,389
2102,17904,430,39236,1550,34933,389
2103,17904,430,39248,1552,34970,389
2104,17907,430,39262,1555,34998,389
2105,17912,431,39280,1555,35048,391
2106,17912,431,39318,1556,35099,391
2107,17918,431,39342,1557,35107,391
2108,17938,431,39361,1557,35124,391
2109,17949,431,39386,1560,35170,391
2110,17956,431,39403,1561,35211,391
2111,17978,433,39413,1563,35232,393
2112,17980,433,39445,1566,35276,394
2113,17981,433,39476,1567,35314,394
2114,17985,434,39497,1571,35321,394
2115,18003,436,39518,1572,35338,394
2116,18029,437,39523,1572,35380,395
2117,18068,440,39538,1572,35413,395
2118,18085,440,39543,1572,35459,397
2119,18099,441,39562,1572,35502,398
2120,18101,441,39590,1572,35549,399
2121,18103,442,39618,1572,35562,399
2122,18103,442,39638,1573,35579,399
2123,18106,442,39651,1573,35618,399
2124,18106,442,39667,1575,35651,401
2125,18111,443,39680,1575,35697,403
2126,18117,444,39695,1576,35725,404
2127,18120,444,39704,1578,35745,404
2128,18125,444,39718,1579,35755,405
2129,18132,445,39744,1581,35761,406
2130,18137,445,39766,1584,35787,407
2131,18143,445,39792,1585,35813,407
2132,18147,445,39805,1585,35835,407
2133,18152,445,39821,1585,35859,408
2134,18158,445,39838,1586,35896,409
2135,18159,445,39870,1586,35914,409
2136,18173,445,39900,1588,35922,409
2137,18184,445,39917,1590,35947,409
2138,18193,445,39922,1591,35974,409
2139,18206,446,39928,1591,36009,409
2140,18213,447,39946,1591,36039,409
2141,18216,447,39985,1592,36057,410
2142,18217,447,40003,1593,36082,410
2143,18232,447,40027,1594,36086,410
2144,18252,448,40043,1594,36103,410
2145,18257,448,40056,1597,36145,413
2146,18269,448,40087,1601,36182,413
2147,18282,449,40123,1604,36214,414
2148,18285,449,40147,1605,36242,414
2149,18287,449,40166,1608,36273,415
2150,18288,449,40189,1610,36291,416
2151,18313,449,40218,1610,36318,416
2152,18333,450,40227,1611,36364,416
2153,18341,450,40242,1612,36392,417
2154,18344,450,40261,1613,36414,417
2155,18346,450,40288,1614,36434,417
2156,18346,450,40310,1615,36440,417
2157,18357,451,40341,1618,36445,417
2158,18367,451,40363,1618,36464,419
2159,18373,451,40375,1618,36489,419
2160,18379,451,40384,1620,36509,420
2161,18386,452,40406,1620,36531,420
2162,18386,452,40430,1620,36547,420
2163,18397,452,40451,1623,36569,421
2164,18403,452,40470,1625,36575,422
2165,18407,452,40491,1627,36605,422
2166,18409,452,40525,1627,36646,424
2167,18414,452,40542,1628,36700,424
2168,18425,452,40572,1631,36728,424
2169,18425,452,40603,1631,36760,424
2170,18428,452,40627,1632,36775,424
2171,18441,453,40659,1636,36786,426
2172,18454,453,40680,1638,36814,426
2173,18472,453,40687,1638,36839,427
2174,18512,457,40698,1639,36880,427
2175,18528,457,40708,1641,36899,428
2176,18536,457,40718,1644,36941,428
2177,18538,457,40736,1645,36965,430
2178,18544,457,40759,1646,36983,431
2179,18557,457,40775,1648,36992,431
2180,18575,457,40784,1648,37036,432
2181,18584,457,40806,1651,37073,432
2182,18589,457,40817,1653,37095,432
2183,18589,457,40840,1655,37142,432
2184,18595,458,40850,1656,37159,432
2185,18628,459,40877,1656,37169,433
2186,18647,459,40889,1656,37193,434
2187,18664,459,40916,1658,37240,434
2188,18681,460,40935,1660,37271,436
2189,18693,460,40952,1660,37296,437
2190,18697,461,40960,1660,37342,437
2191,18699,461,40965,1661,37365,437
2192,18714,462,40983,1662,37403,438
2193,18740,465,40995,1663,37435,439
2194,18760,466,41002,1664,37481,439
2195,18782,466,41015,1666,37513,440
2196,18803,467,41026,1668,37561,441
2197,18805,467,41034,1668,37605,442
2198,18806,467,41055,1670,37656,443
2199,18813,467,41074,1670,37692,443
2200,18827,469,41094,1671,37736,444
2201,18844,469,41106,1671,37794,446
2202,18856,469,41111,1671,37837,447
2203,18868,469,41131,1673,37901,447
2204,18870,469,41147,1674,37958,450
2205,18870,469,41168,1677,37978,452
2206,18881,472,41180,1679,37997,452
2207,18890,472,41193,1680,38029,454
2208,18899,472,41210,1682,38056,456
2209,18908,472,41221,1683,38104,457
2210,18914,472,41231,1684,38144,458
2211,18916,472,41252,1685,38168,460
2212,18919,472,41266,1686,38177,460
2213,18926,472,41282,1689,38196,461
2214,18942,472,41295,1691,38238,463
2215,18961,474,41305,1693,38273,464
2216,18972,474,41312,1694,38310,465
2217,18980,474,41337,1697,38333,466
2218,18985,474,41347,1698,38368,466
2219,18985,474,41367,1698,38374,466
2220,18986,474,41389,1698,38377,466
2221,18996,474,41398,1698,38386,466
2222,19010,474,41421,1698,38417,466
2223,19028,475,41439,1698,38431,468
2224,19037,475,41448,1699,38457,469
2225,19037,475,41465,1699,38494,469
2226,19040,475,41474,1701,38516,469
2227,19048,475,41498,1702,38520,470
2228,19063,477,41515,1702,38528,470
2229,19082,477,41522,1704,38541,471
2230,19104,478,41537,1704,38563,473
2231,19112,478,41557,1706,38579,474
2232,19113,478,41576,1709,38598,474
2233,19114,478,41600,1712,38602,474
2234,19134,479,41617,1713,38612,475
2235,19153,479,41632,1713,38628,475
2236,19190,480,41643,1714,38649,478
2237,19197,480,41653,1715,38672,479
2238,19202,480,41672,1716,38701,479
2239,19204,480,41700,1717,38725,479
2240,19206,480,41724,1719,38731,479
2241,19218,480,41766,1733,38739,480
2242,19220,480,41811,1743,38753,481
2243,19220,480,41847,1748,38775,481
2244,19221,480,41873,1750,38781,481
2245,19225,480,41902,1755,38804,482
2246,19235,480,41928,1757,38838,482
2247,19238,480,41957,1761,38852,482
2248,19246,480,41986,1766,38860,482
2249,19253,480,42011,1768,38885,484
2250,19257,481,42026,1768,38907,485
2251,19261,481,42046,1771,38945,486
2252,19267,481,42069,1772,38987,488
2253,19267,481,42095,1775,39007,488
2254,19268,481,42133,1777,39024,488
2255,19272,481,42173,1780,39030,488
2256,19278,481,42196,1782,39056,490
2257,19290,481,42220,1783,39079,491
2258,19294,481,42232,1785,39098,492
2259,19309,481,42259,1786,39138,496
2260,19313,482,42303,1787,39168,498
2261,19316,482,42332,1789,39182,498
2262,19336,484,42348,1789,39197,498
2263,19342,484,42378,1789,39207,500
2264,19351,485,42416,1789,39223,500
2265,19369,485,42448,1793,39244,500
2266,19380,485,42492,1795,39260,500
2267,19382,485,42524,1797,39288,500
2268,19383,485,42543,1798,39300,500
2269,19395,485,42560,1799,39308,500
2270,19417,485,42583,1800,39319,500
2271,19433,486,42591,1801,39339,500
2272,19435,486,42603,1803,39361,504
2273,19437,486,42619,1804,39391,505
2274,19437,486,42643,1807,39416,505
2275,19438,486,42667,1809,39426,505
2276,19439,486,42693,1811,39433,506
2277,19450,486,42702,1811,39460,506
2278,19459,486,42711,1814,39493,506
2279,19461,486,42718,1816,39510,506
2280,19463,486,42737,1817,39557,506
2281,19471,487,42761,1818,39573,506
2282,19476,487,42774,1818,39600,506
2283,19488,487,42814,1818,39623,506
2284,19493,487,42829,1819,39648,508
2285,19494,487,42853,1820,39678,509
2286,19498,487,42860,1821,39704,511
2287,19499,487,42878,1822,39739,511
2288,19499,487,42893,1822,39767,512
2289,19499,487,42908,1823,39780,512
2290,19499,487,42926,1824,39790,512
2291,19504,487,42937,1825,39822,512
2292,19516,487,42967,1826,39862,513
2293,19530,487,42989,1829,39887,513
2294,19537,487,43036,1832,39900,513
2295,19539,488,43066,1833,39921,513
2296,19539,488,43084,1837,39931,513
2297,19546,488,43105,1839,39942,513
2298,19559,488,43133,1843,39978,513
2299,19563,488,43149,1843,40008,514
2300,19575,488,43165,1843,40051,514
2301,19579,488,43190,1845,40079,514
2302,19583,488,43219,1847,40092,516
2303,19585,488,43236,1848,40104,516
2304,19590,488,43252,1849,40122,516
2305,19603,488,43266,1849,40139,517
2306,19609,489,43277,1851,40161,517
2307,19616,490,43290,1852,40180,517
2308,19621,490,43304,1852,40192,517
2309,19626,490,43336,1853,40213,517
2310,19627,490,43361,1853,40235,517
2311,19634,490,43381,1856,40255,517
2312,19645,491,43397,1856,40275,517
2313,19653,492,43414,1856,40312,517
2314,19662,493,43430,1857,40339,517
2315,19662,493,43453,1859,40376,518
2316,19664,493,43468,1859,40403,519
2317,19664,493,43490,1859,40420,520
2318,19669,494,43513,1860,40439,520
2319,19682,494,43544,1861,40448,520
2320,19699,494,43556,1861,40457,520
2321,19713,494,43567,1862,40461,520
2322,19717,495,43584,1864,40480,522
2323,19718,495,43597,1865,40501,522
2324,19718,495,43616,1866,40509,522
2325,19725,495,43637,1868,40545,522
2326,19736,496,43660,1868,40576,523
2327,19747,496,43688,1871,40610,523
2328,19756,496,43706,1875,40641,523
2329,19771,498,43719,1876,40671,524
2330,19774,498,43732,1877,40710,525
2331,19780,498,43748,1877,40725,525
2332,19789,498,43766,1878,40743,525
2333,19795,498,43788,1879,40792,525
2334,19805,498,43800,1880,40852,525
2335,19808,498,43810,1882,40884,525
2336,19813,498,43826,1883,40928,526
2337,19818,498,43852,1884,40969,526
2338,19819,498,43870,1884,40977,526
2339,19823,499,43905,1886,41011,527
2340,19837,499,43923,1887,41051,529
2341,19847,499,43936,1888,41081,530
2342,19857,499,43950,1889,41136,531
2343,19863,499,43972,1890,41186,531
2344,19863,499,43988,1890,41224,531
2345,19864,499,44008,1890,41256,531
2346,19870,499,44031,1892,41283,532
2347,19886,499,44051,1892,41333,532
2348,19930,501,44060,1892,41371,532
2349,19967,501,44076,1892,41415,532
2350,19982,502,44101,1893,41447,532
2351,19982,502,44126,1893,41459,532
2352,19982,502,44151,1894,41469,533
2353,20001,503,44168,1896,41479,533
2354,20042,504,44192,1898,41497,533
2355,20067,504,44205,1900,41505,533
2356,20084,504,44217,1900,41515,533
2357,20098,505,44249,1901,41528,533
2358,20101,505,44268,1901,41537,533
2359,20101,505,44287,1902,41556,534
2360,20117,505,44311,1903,41564,534
2361,20134,505,44326,1903,41568,536
2362,20138,505,44346,1904,41592,536
2363,20156,507,44359,1905,41632,538
2364,20167,507,44369,1907,41680,539
2365,20173,507,44391,1908,41726,540
2366,20190,507,44410,1909,41757,540
2367,20221,507,44428,1910,41775,540
2368,20229,507,44444,1910,41813,540
2369,20249,508,44452,1911,41838,540
2370,20277,508,44473,1912,41880,542
2371,20297,508,44513,1912,41913,543
2372,20313,508,44524,1912,41961,545
2373,20316,508,44550,1912,41982,546
2374,20331,508,44578,1912,42003,547
2375,20343,509,44613,1913,42017,548
2376,20360,509,44636,1913,42051,550
2377,20391,509,44660,1913,42082,551
2378,20400,509,44704,1914,42126,552
2379,20412,509,44734,1914,42159,554
2380,20425,509,44752,1916,42177,555
2381,20448,509,44783,1919,42185,555
2382,20465,509,44799,1920,42228,557
2383,20468,509,44807,1920,42255,557
2384,20480,510,44817,1920,42288,558
2385,20495,510,44830,1920,42323,558
2386,20495,510,44844,1921,42376,558
2387,20501,510,44864,1923,42389,558
2388,20511,510,44885,1924,42404,558
2389,20537,511,44900,1925,42437,558
2390,20548,511,44914,1926,42466,558
2391,20571,511,44930,1927,42489,558
2392,20582,512,44943,1927,42521,558
2393,20583,512,44969,1930,42548,558
2394,20583,512,44988,1932,42563,558
2395,20592,512,45012,1934,42575,558
2396,20596,512,45030,1936,42602,558
2397,20617,513,45039,1937,42652,559
2398,20634,513,45056,1938,42685,559
2399,20653,513,45071,1939,42728,560
2400,20654,513,45090,1942,42753,560
2401,20656,513,45105,1942,42778,560
2402,20671,513,45121,1943,42789,560
2403,20690,514,45136,1943,42842,560
2404,20703,514,45154,1945,42881,561
2405,20712,515,45165,1946,42924,561
2406,20722,515,45187,1949,42961,561
2407,20724,515,45212,1951,43020,562
2408,20725,515,45224,1951,43052,563
2409,20743,515,45250,1954,43077,564
2410,20758,516,45273,1955,43117,565
2411,20768,516,45292,1955,43158,565
2412,20777,516,45303,1958,43196,565
2413,20781,517,45313,1959,43242,565
2414,20783,517,45332,1961,43282,565
2415,20784,517,45350,1963,43296,566
2416,20790,518,45364,1963,43305,566
2417,20800,518,45383,1963,43350,566
2418,20814,518,45408,1966,43391,566
2419,20823,519,45418,1967,43421,566
2420,20833,519,45429,1967,43456,566
2421,20835,519,45440,1968,43478,567
2422,20839,519,45451,1968,43485,567
2423,20856,520,45480,1971,43502,568
2424,20861,520,45504,1972,43538,568
2425,20869,521,45530,1972,43574,568
2426,20873,521,45542,1974,43594,568
2427,20881,521,45568,1974,43623,569
2428,20882,521,45584,1975,43653,569
2429,20883,521,45607,1976,43667,569
2430,20903,521,45632,1979,43669,570
2431,20929,521,45650,1981,43706,570
2432,20940,521,45667,1983,43752,571
2433,20955,522,45684,1983,43786,574
2434,20964,523,45698,1984,43819,574
2435,20966,524,45712,1986,43848,574
2436,20967,524,45749,1990,43862,575
2437,20974,524,45763,1992,43868,575
2438,20978,524,45772,1992,43903,575
2439,20989,524,45790,1993,43956,575
2440,21002,524,45810,1996,44000,575
2441,21004,524,45837,1996,44030,575
2442,21006,524,45862,1997,44066,575
2443,21015,524,45877,1998,44081,575
2444,21026,524,45895,1999,44094,575
2445,21057,524,45901,2000,44137,576
2446,21067,524,45916,2003,44192,577
2447,21073,524,45927,2004,44211,577
2448,21089,524,45940,2005,44256,579
2449,21093,524,45965,2006,44292,579
2450,21097,524,45986,2008,44296,579
2451,21105,524,45999,2008,44318,579
2452,21117,524,46016,2009,44361,579
2453,21124,524,46027,2009,44401,580
2454,21130,524,46041,2010,44440,580
2455,21143,524,46054,2010,44474,580
2456,21147,524,46078,2013,44511,581
2457,21147,524,46107,2013,44526,581
2458,21150,524,46126,2013,44538,582
2459,21154,524,46150,2014,44582,582
2460,21154,524,46166,2016,44625,582
2461,21154,524,46186,2016,44658,583
2462,21154,524,46207,2019,44732,583
2463,21154,524,46241,2020,44774,583
2464,21154,524,46261,2020,44785,583
2465,21156,524,46283,2022,44800,583
2466,21157,524,46330,2024,44844,583
2467,21160,524,46340,2024,44893,584
2468,21162,524,46350,2026,44935,584
2469,21173,524,46378,2029,44991,584
2470,21173,524,46398,2033,45036,584
2471,21173,524,46420,2034,45066,585
2472,21195,525,46440,2035,45075,585
2473,21206,525,46468,2037,45115,585
2474,21218,526,46494,2041,45175,586
2475,21226,526,46509,2043,45239,586
2476,21240,526,46533,2044,45289,587
2477,21245,527,46543,2045,45329,587
2478,21251,528,46562,2047,45341,587
2479,21260,528,46592,2049,45368,588
2480,21281,531,46609,2050,45425,590
2481,21285,532,46625,2053,45483,590
2482,21318,539,46643,2053,45529,590
2483,21330,540,46671,2054,45567,590
2484,21334,540,46696,2054,45594,590
2485,21338,540,46715,2054,45604,591
2486,21368,542,46739,2054,45619,591
2487,21386,543,46757,2054,45651,592
2488,21387,543,46773,2055,45695,592
2489,21388,543,46779,2057,45733,592
2490,21403,543,46792,2058,45775,593
2491,21410,543,46815,2058,45804,594
2492,21417,543,46827,2059,45817,594
2493,21428,543,46857,2059,45828,594
2494,21440,545,46880,2061,45832,594
2495,21453,545,46898,2063,,
2496,21460,545,46903,2063,,
2497,21464,545,46921,2063,,
2498,21466,546,46953,2065,,
2499,21468,546,46963,2066,,
2500,21486,546,46992,2066,,
2501,21501,546,47007,2067,,
2502,21518,546,47014,2068,,
2503,21530,546,47026,2068,,
2504,21543,547,47050,2068,,
2505,21546,547,47084,2068,,
2506,21550,547,47096,2068,,
2507,21557,547,47113,2069,,
2508,21574,549,47134,2070,,
2509,21602,551,47151,2070,,
2510,21610,552,47156,2071,,
2511,21624,552,47178,2072,,
2512,21626,552,47208,2073,,
2513,21633,552,47223,2073,,
2514,21650,553,47242,2074,,
2515,21656,553,47256,2074,,
2516,21673,553,47263,2076,,
2517,21689,554,47279,2078,,
2518,21698,555,47295,2080,,
2519,21700,556,47309,2081,,
2520,21704,557,47320,2081,,
2521,21726,558,47334,2081,,
2522,21737,558,47347,2081,,
2523,21761,560,47351,2082,,
2524,21786,561,47354,2083,,
2525,21804,562,,,,
2526,21807,562,,,,
2527,21807,562,,,,
2528,21820,564,,,,
2529,21848,565,,,,
2530,21866,567,,,,
2531,21884,567,,,,
2532,21899,567,,,,
2533,21907,569,,,,
2534,21913,569,,,,
2535,21923,571,,,,
2536,21945,572,,,,
2537,21955,574,,,,
2538,21974,575,,,,
2539,22004,575,,,,
2540,22009,575,,,,
2541,22012,575,,,,
2542,22027,576,,,,
2543,22052,578,,,,
2544,22068,579,,,,
2545,22097,579,,,,
2546,22112,579,,,,
2547,22119,581,,,,
2548,22124,582,,,,
2549,22157,582,,,,
2550,22183,583,,,,
2551,22205,583,,,,
2552,22226,583,,,,
2553,22253,583,,,,
2554,22268,583,,,,
2555,22287,583,,,,
2556,22312,583,,,,
2557,22346,583,,,,
2558,22376,584,,,,
2559,22400,584,,,,
2560,22414,584,,,,
2561,22420,584,,,,
2562,22448,584,,,,
2563,22460,584,,,,
2564,22474,584,,,,
2565,22483,584,,,,
2566,22502,586,,,,
2567,22522,586,,,,
2568,22527,586,,,,
2569,22533,586,,,,
2570,22549,586,,,,
2571,22571,588,,,,
2572,22578,588,,,,
2573,22590,588,,,,
2574,22607,589,,,,
2575,22609,589,,,,
2576,22609,589,,,,
2577,22629,591,,,,
2578,22650,591,,,,
2579,22659,592,,,,
2580,22670,592,,,,
2581,22691,592,,,,
2582,22693,592,,,,
2583,22702,592,,,,
2584,22725,593,,,,
2585,22730,593,,,,
2586,22752,594,,,,
2587,22771,595,,,,
2588,22794,596,,,,
2589,22799,596,,,,
2590,22802,597,,,,
2591,22814,597,,,,
2592,22830,597,,,,
2593,22860,598,,,,
2594,22880,598,,,,
2595,22905,600,,,,
2596,22934,600,,,,
2597,22939,600,,,,
2598,22970,601,,,,
2599,22979,602,,,,
2600,22999,603,,,,
2601,23024,603,,,,
2602,23059,606,,,,
2603,23065,607,,,,
2604,23075,607,,,,
2605,23095,607,,,,
2606,23119,607,,,,
2607,23137,609,,,,
2608,23154,609,,,,
2609,23172,609,,,,
2610,23173,609,,,,
2611,23180,609,,,,
2612,23204,609,,,,
2613,23225,610,,,,
2614,23250,611,,,,
2615,23274,611,,,,
2616,23298,611,,,,
2617,23308,611,,,,
2618,23314,611,,,,
2619,23339,611,,,,
2620,23353,611,,,,
2621,23384,612,,,,
2622,23404,612,,,,
2623,23411,613,,,,
2624,23419,614,,,,
2625,23424,615,,,,
2626,23437,615,,,,
2627,23457,615,,,,
2628,23474,615,,,,
2629,23497,615,,,,
2630,23517,617,,,,
2631,23520,618,,,,
2632,23521,618,,,,
2633,23534,618,,,,
2634,23549,618,,,,
2635,23560,618,,,,
2636,23582,618,,,,
2637,23590,618,,,,
2638,23592,618,,,,
2639,23594,618,,,,
2640,23601,618,,,,
2641,23619,618,,,,
2642,23643,618,,,,
2643,23660,618,,,,
2644,23670,618,,,,
2645,23679,619,,,,
2646,23681,620,,,,
2647,23684,620,,,,
2648,23696,620,,,,
2649,23714,622,,,,
2650,23736,624,,,,
2651,23759,624,,,,
2652,23761,624,,,,
2653,23769,625,,,,
2654,23781,625,,,,
2655,23795,625,,,,
2656,23805,626,,,,
2657,23822,627,,,,
2658,23833,628,,,,
2659,23841,629,,,,
2660,23855,630,,,,
2661,23866,630,,,,
2662,23884,630,,,,
2663,23901,632,,,,
2664,23918,633,,,,
2665,23933,634,,,,
2666,23938,634,,,,
2667,23943,634,,,,
2668,23952,634,,,,
2669,23966,634,,,,
2670,23988,634,,,,
2671,24008,635,,,,
2672,24022,635,,,,
2673,24027,635,,,,
2674,24033,635,,,,
2675,24064,636,,,,
2676,24077,636,,,,
2677,24084,636,,,,
2678,24093,637,,,,
2679,24099,637,,,,
2680,24103,637,,,,
2681,24108,637,,,,
2682,24114,637,,,,
2683,24117,637,,,,
2684,24121,637,,,,
2685,24129,637,,,,
2686,24142,637,,,,
2687,24153,638,,,,
2688,24159,639,,,,
2689,24182,639,,,,
2690,24217,639,,,,
2691,24238,640,,,,
2692,24254,640,,,,
2693,24272,642,,,,
2694,24278,642,,,,
2695,24281,642,,,,
2696,24306,642,,,,
2697,24325,643,,,,
2698,24357,644,,,,
2699,24384,644,,,,
2700,24404,644,,,,
2701,24405,644,,,,
2702,24407,644,,,,
2703,24431,645,,,,
2704,24454,645,,,,
2705,24478,645,,,,
2706,24513,646,,,,
2707,24529,646,,,,
2708,24529,646,,,,
2709,24532,646,,,,
2710,24559,647,,,,
2711,24575,647,,,,
2712,24600,647,,,,
2713,24612,647,,,,
2714,24620,647,,,,
2715,24620,647,,,,
2716,24621,647,,,,
2717,24630,647,,,,
2718,24644,647,,,,
2719,24658,647,,,,
2720,24664,647,,,,
2721,24667,647,,,,
2722,24670,648,,,,
2723,24673,648,,,,
2724,24681,648,,,,
2725,24697,648,,,,
2726,24701,649,,,,
2727,24713,653,,,,
2728,24724,654,,,,
2729,24731,654,,,,
2730,24753,655,,,,
2731,24768,656,,,,
2732,24781,657,,,,
2733,24796,658,,,,
2734,24809,658,,,,
2735,24836,658,,,,
2736,24842,658,,,,
2737,24855,659,,,,
2738,24870,659,,,,
2739,24888,660,,,,
2740,24904,661,,,,
2741,24922,663,,,,
2742,24941,664,,,,
2743,24952,665,,,,
2744,24961,665,,,,
2745,24975,665,,,,
2746,24998,665,,,,
2747,25013,666,,,,
2748,25046,666,,,,
2749,25055,667,,,,
2750,25061,667,,,,
2751,25065,667,,,,
2752,25079,668,,,,
2753,25093,668,,,,
2754,25104,670,,,,
2755,25125,671,,,,
2756,25138,672,,,,
2757,25145,672,,,,
2758,25146,672,,,,
2759,25154,672,,,,
2760,25167,672,,,,
2761,25181,672,,,,
2762,25198,672,,,,
2763,25207,673,,,,
2764,25211,673,,,,
2765,25214,674,,,,
2766,25224,674,,,,
2767,25231,674,,,,
2768,25235,674,,,,
2769,25249,675,,,,
2770,25254,675,,,,
2771,25260,675,,,,
2772,25270,675,,,,
2773,25280,676,,,,
2774,25284,676,,,,
2775,25291,676,,,,
2776,25304,676,,,,
2777,25311,677,,,,
2778,25319,677,,,,
2779,25320,678,,,,
2780,25329,678,,,,
2781,25338,678,,,,
2782,25345,679,,,,
2783,25359,679,,,,
2784,25381,679,,,,
2785,25386,679,,,,
2786,25390,679,,,,
2787,25413,679,,,,
2788,25437,679,,,,
2789,25462,679,,,,
2790,25472,680,,,,
2791,25487,681,,,,
2792,25491,681,,,,
2793,25494,682,,,,
2794,25510,682,,,,
2795,25527,684,,,,
2796,25550,684,,,,
2797,25564,684,,,,
2798,25578,685,,,,
2799,25581,686,,,,
2800,25587,686,,,,
2801,25598,688,,,,
2802,25611,689,,,,
2803,25628,690,,,,
2804,25641,691,,,,
2805,25650,692,,,,
2806,25657,694,,,,
2807,25662,694,,,,
2808,25668,694,,,,
2809,25681,694,,,,
2810,25696,694,,,,
2811,25725,695,,,,
2812,25739,695,,,,
2813,25743,695,,,,
2814,25746,695,,,,
2815,25767,696,,,,
2816,25780,696,,,,
2817,25804,696,,,,
2818,25824,696,,,,
2819,25837,696,,,,
2820,25839,696,,,,
2821,25841,696,,,,
2822,25857,696,,,,
2823,25871,698,,,,
2824,25887,698,,,,
2825,25891,698,,,,
2826,25899,699,,,,
2827,25900,699,,,,
2828,25901,699,,,,
2829,25909,700,,,,
2830,25923,700,,,,
2831,25934,700,,,,
2832,25951,700,,,,
2833,25981,701,,,,
2834,25985,701,,,,
2835,25990,701,,,,
2836,25996,702,,,,
2837,26014,702,,,,
2838,26029,702,,,,
2839,26041,702,,,,
2840,26055,702,,,,
2841,26055,702,,,,
2842,26057,704,,,,
2843,26083,704,,,,
2844,26093,705,,,,
2845,26108,705,,,,
2846,26151,705,,,,
2847,26164,705,,,,
2848,26166,705,,,,
2849,26167,705,,,,
2850,26183,705,,,,
2851,26188,705,,,,
2852,26193,707,,,,
2853,26194,707,,,,
2854,26194,707,,,,
2855,26196,708,,,,
2856,26196,708,,,,
2857,26198,708,,,,
2858,26206,709,,,,
2859,26213,709,,,,
2860,26216,709,,,,
2861,26219,709,,,,
2862,26222,710,,,,
2863,26225,711,,,,
2864,26240,711,,,,
2865,26255,711,,,,
2866,26298,711,,,,
2867,26317,713,,,,
2868,26338,714,,,,
2869,26345,715,,,,
2870,26348,716,,,,
2871,26357,716,,,,
2872,26365,716,,,,
2873,26392,717,,,,
2874,26403,718,,,,
2875,26412,718,,,,
2876,26412,718,,,,
2877,26413,718,,,,
2878,26425,720,,,,
2879,26434,720,,,,
2880,26442,721,,,,
2881,26455,721,,,,
2882,26466,722,,,,
2883,26472,722,,,,
2884,26481,723,,,,
2885,26491,723,,,,
2886,26511,723,,,,
2887,26533,724,,,,
2888,26544,724,,,,
2889,26558,725,,,,
2890,26563,725,,,,
2891,26565,725,,,,
2892,26571,725,,,,
2893,26581,725,,,,
2894,26593,727,,,,
2895,26604,727,,,,
2896,26614,728,,,,
2897,26617,729,,,,
2898,26617,729,,,,
2899,26632,729,,,,
2900,26644,729,,,,
2901,26651,730,,,,
2902,26660,730,,,,
2903,26663,730,,,,
2904,26667,731,,,,
2905,26669,731,,,,
2906,26679,731,,,,
2907,26691,732,,,,
2908,26705,734,,,,
2909,26720,736,,,,
2910,26744,738,,,,
2911,26759,741,,,,
2912,26771,742,,,,
2913,26781,743,,,,
2914,26806,746,,,,
2915,26827,746,,,,
2916,26852,747,,,,
2917,26881,747,,,,
2918,26894,747,,,,
2919,26913,748,,,,
2920,26934,749,,,,
2921,26952,749,,,,
2922,26987,750,,,,
2923,27009,750,,,,
2924,27037,750,,,,
2925,27045,751,,,,
2926,27055,752,,,,
2927,27081,753,,,,
2928,27108,754,,,,
2929,27129,754,,,,
2930,27167,754,,,,
2931,27197,754,,,,
2932,27205,754,,,,
2933,27224,754,,,,
2934,27250,754,,,,
2935,27271,754,,,,
2936,27287,755,,,,
2937,27309,756,,,,
2938,27359,756,,,,
2939,27368,756,,,,
2940,27393,757,,,,
2941,27422,757,,,,
2942,27433,757,,,,
2943,27453,758,,,,
2944,27473,758,,,,
2945,27490,758,,,,
2946,27496,759,,,,
2947,27504,759,,,,
2948,27528,760,,,,
2949,27547,761,,,,
2950,27573,761,,,,
2951,27606,762,,,,
2952,27624,762,,,,
2953,27632,762,,,,
2954,27641,763,,,,
2955,27660,763,,,,
2956,27686,763,,,,
2957,27716,764,,,,
2958,27740,765,,,,
2959,27762,765,,,,
2960,27768,766,,,,
2961,27787,766,,,,
2962,27805,766,,,,
2963,27840,767,,,,
2964,27865,768,,,,
2965,27895,768,,,,
2966,27910,768,,,,
2967,27920,768,,,,
2968,27926,768,,,,
2969,27947,771,,,,
2970,27970,772,,,,
2971,27991,773,,,,
2972,28010,773,,,,
2973,28030,773,,,,
2974,28038,774,,,,
2975,28047,774,,,,
2976,28063,774,,,,
2977,28081,774,,,,
2978,28112,774,,,,
2979,28144,775,,,,
2980,28168,775,,,,
2981,28178,776,,,,
2982,28182,776,,,,
2983,28190,776,,,,
2984,28200,776,,,,
2985,28215,776,,,,
2986,28232,776,,,,
2987,28258,778,,,,
2988,28260,778,,,,
2989,28268,781,,,,
2990,28279,782,,,,
2991,28294,782,,,,
2992,28308,782,,,,
2993,28320,783,,,,
2994,28332,783,,,,
2995,28336,784,,,,
2996,28340,784,,,,
2997,28354,784,,,,
2998,28366,786,,,,
2999,28389,787,,,,
3000,28404,787,,,,
3001,28417,787,,,,
3002,28422,787,,,,
3003,28423,787,,,,
3004,28432,787,,,,
3005,28452,788,,,,
3006,28479,788,,,,
3007,28494,789,,,,
3008,28516,789,,,,
3009,28526,790,,,,
3010,28528,790,,,,
3011,28533,790,,,,
3012,28554,790,,,,
3013,28574,790,,,,
3014,28593,791,,,,
3015,28607,791,,,,
3016,28611,792,,,,
3017,28613,792,,,,
3018,28624,792,,,,
3019,28631,792,,,,
3020,28639,792,,,,
3021,28644,792,,,,
3022,28648,792,,,,
3023,28651,792,,,,
3024,28651,792,,,,
3025,28653,792,,,,
3026,28662,792,,,,
3027,28673,792,,,,
3028,28680,792,,,,
3029,28690,793,,,,
3030,28691,793,,,,
3031,28697,795,,,,
3032,28708,796,,,,
3033,28714,796,,,,
3034,28721,796,,,,
3035,28728,797,,,,
3036,28736,797,,,,
3037,28742,798,,,,
3038,28744,799,,,,
3039,28757,799,,,,
3040,28767,799,,,,
3041,28775,800,,,,
3042,28784,800,,,,
3043,28790,800,,,,
3044,28791,800,,,,
3045,28796,801,,,,
3046,28798,801,,,,
3047,28802,801,,,,
3048,28811,801,,,,
3049,28825,802,,,,
3050,28830,802,,,,
3051,28837,802,,,,
3052,28841,802,,,,
3053,28852,803,,,,
3054,28857,804,,,,
3055,28866,805,,,,
3056,28871,805,,,,
3057,28875,806,,,,
3058,28877,806,,,,
3059,28882,807,,,,
3060,28903,807,,,,
3061,28905,807,,,,
3062,28912,807,,,,
3063,28926,807,,,,
3064,28933,808,,,,
3065,28935,808,,,,
3066,28936,808,,,,
3067,28940,809,,,,
3068,28949,809,,,,
3069,28954,809,,,,
3070,28958,809,,,,
3071,28959,809,,,,
3072,28960,809,,,,
3073,28962,810,,,,
3074,28970,810,,,,
3075,28977,810,,,,
3076,28981,810,,,,
3077,28988,810,,,,
3078,28991,811,,,,
3079,28992,811,,,,
3080,28995,811,,,,
3081,29006,811,,,,
3082,29010,811,,,,
3083,29018,811,,,,
3084,29022,811,,,,
3085,29026,813,,,,
3086,29027,813,,,,
3087,29028,813,,,,
3088,29036,813,,,,
3089,29056,814,,,,
3090,29082,816,,,,
3091,29100,816,,,,
3092,29113,817,,,,
3093,29121,819,,,,
3094,29129,820,,,,
3095,29145,822,,,,
3096,29160,824,,,,
3097,29176,825,,,,
3098,29196,825,,,,
3099,29214,825,,,,
3100,29219,825,,,,
3101,29230,826,,,,
3102,29242,827,,,,
3103,29276,828,,,,
3104,29296,829,,,,
3105,29308,830,,,,
3106,29319,830,,,,
3107,29327,831,,,,
3108,29335,831,,,,
3109,29342,831,,,,
3110,29366,831,,,,
3111,29378,832,,,,
3112,29395,833,,,,
3113,29420,834,,,,
3114,29431,834,,,,
3115,29445,835,,,,
3116,29462,835,,,,
3117,29474,835,,,,
3118,29499,835,,,,
3119,29527,836,,,,
3120,29557,836,,,,
3121,29562,837,,,,
3122,29565,837,,,,
3123,29580,837,,,,
3124,29594,837,,,,
3125,29605,838,,,,
3126,29614,839,,,,
3127,29622,839,,,,
3128,29631,839,,,,
3129,29636,839,,,,
3130,29650,839,,,,
3131,29668,841,,,,
3132,29679,842,,,,
3133,29698,842,,,,
3134,29715,842,,,,
3135,29722,843,,,,
3136,29725,844,,,,
3137,29745,844,,,,
3138,29769,845,,,,
3139,29789,846,,,,
3140,29806,846,,,,
3141,29819,848,,,,
3142,29827,848,,,,
3143,29833,848,,,,
3144,29845,848,,,,
3145,29863,849,,,,
3146,29887,849,,,,
3147,29900,849,,,,
3148,29912,850,,,,
3149,29916,850,,,,
3150,29931,852,,,,
3151,29961,853,,,,
3152,30016,853,,,,
3153,30045,853,,,,
3154,30076,853,,,,
3155,30107,854,,,,
3156,30114,854,,,,
3157,30123,854,,,,
3158,30145,854,,,,
3159,30181,856,,,,
3160,30233,857,,,,
3161,30259,858,,,,
3162,30292,860,,,,
3163,30301,860,,,,
3164,30317,860,,,,
3165,30343,860,,,,
3166,30364,860,,,,
3167,30395,861,,,,
3168,30413,861,,,,
3169,30434,862,,,,
3170,30439,863,,,,
3171,30446,863,,,,
3172,30464,864,,,,
3173,30477,864,,,,
3174,30487,864,,,,
3175,30513,864,,,,
3176,30535,865,,,,
3177,30544,866,,,,
3178,30553,867,,,,
3179,30566,868,,,,
3180,30579,868,,,,
3181,30598,868,,,,
3182,30613,869,,,,
3183,30617,869,,,,
3184,30617,869,,,,
3185,30617,869,,,,
3186,30626,869,,,,
3187,30642,869,,,,
3188,30653,870,,,,
3189,30654,870,,,,
3190,30654,870,,,,
3191,30657,870,,,,
3192,30660,870,,,,
3193,30672,872,,,,
3194,30691,873,,,,
3195,30715,873,,,,
3196,30748,874,,,,
3197,30760,874,,,,
3198,30763,874,,,,
3199,30763,874,,,,
3200,30775,874,,,,
3201,30785,874,,,,
3202,30801,876,,,,
3203,30818,878,,,,
3204,30837,880,,,,
3205,30839,880,,,,
3206,30842,881,,,,
3207,30849,881,,,,
3208,30870,882,,,,
3209,30878,882,,,,
3210,30893,882,,,,
3211,30902,882,,,,
3212,30905,882,,,,
3213,30907,882,,,,
3214,30923,882,,,,
3215,30932,882,,,,
3216,30940,885,,,,
3217,30951,885,,,,
3218,30954,885,,,,
3219,30956,885,,,,
3220,30957,885,,,,
3221,30958,885,,,,
3222,30961,885,,,,
3223,30967,886,,,,
3224,30969,886,,,,
3225,30969,886,,,,
3226,30970,886,,,,
3227,30973,887,,,,
3228,30975,887,,,,
3229,30979,888,,,,
3230,30987,888,,,,
3231,30996,889,,,,
3232,31004,889,,,,
3233,31008,891,,,,
3234,31010,891,,,,
3235,31014,891,,,,
3236,31019,891,,,,
3237,31034,891,,,,
3238,31041,892,,,,
3239,31057,892,,,,
3240,31063,892,,,,
3241,31064,892,,,,
3242,31068,892,,,,
3243,31074,893,,,,
3244,31088,893,,,,
3245,31094,894,,,,
3246,31102,894,,,,
3247,31107,894,,,,
3248,31112,896,,,,
3249,31120,897,,,,
3250,31132,898,,,,
3251,31139,899,,,,
3252,31143,899,,,,
3253,31148,899,,,,
3254,31153,900,,,,
3255,31158,900,,,,
3256,31162,901,,,,
3257,31167,902,,,,
3258,31183,902,,,,
3259,31202,902,,,,
3260,31217,904,,,,
3261,31221,905,,,,
3262,31227,907,,,,
3263,31248,908,,,,
3264,31267,908,,,,
3265,31296,909,,,,
3266,31321,910,,,,
3267,31353,912,,,,
3268,31359,913,,,,
3269,31368,914,,,,
3270,31392,914,,,,
3271,31410,914,,,,
3272,31421,914,,,,
3273,31438,914,,,,
3274,31460,915,,,,
3275,31469,915,,,,
3276,31478,916,,,,
3277,31494,918,,,,
3278,31506,918,,,,
3279,31520,919,,,,
3280,31532,919,,,,
3281,31543,919,,,,
3282,31547,920,,,,
3283,31550,920,,,,
3284,31564,920,,,,
3285,31588,920,,,,
3286,31610,921,,,,
3287,31626,921,,,,
3288,31641,922,,,,
3289,31652,922,,,,
3290,31664,923,,,,
3291,31685,924,,,,
3292,31705,924,,,,
3293,31723,924,,,,
3294,31739,925,,,,
3295,31754,925,,,,
3296,31757,926,,,,
3297,31760,927,,,,
3298,31776,928,,,,
3299,31791,929,,,,
3300,31801,931,,,,
3301,31818,931,,,,
3302,31841,932,,,,
3303,31851,933,,,,
3304,31855,933,,,,
3305,31878,935,,,,
3306,31901,935,,,,
3307,31918,935,,,,
3308,31941,935,,,,
3309,31961,936,,,,
3310,31969,936,,,,
3311,31974,936,,,,
3312,31987,936,,,,
3313,32008,936,,,,
3314,32030,936,,,,
3315,32053,936,,,,
3316,32067,936,,,,
3317,32068,937,,,,
3318,32070,937,,,,
3319,32087,937,,,,
3320,32098,938,,,,
3321,32106,938,,,,
3322,32128,938,,,,
3323,32149,939,,,,
3324,32156,940,,,,
3325,32161,941,,,,
3326,32178,941,,,,
3327,32191,941,,,,
3328,32214,942,,,,
3329,32232,942,,,,
3330,32246,943,,,,
3331,32250,944,,,,
3332,32262,945,,,,
3333,32276,947,,,,
3334,32301,948,,,,
3335,32325,949,,,,
3336,32346,953,,,,
3337,32385,953,,,,
3338,32392,954,,,,
3339,32398,954,,,,
3340,32415,954,,,,
3341,32443,954,,,,
3342,32455,954,,,,
3343,32480,955,,,,
3344,32500,955,,,,
3345,32504,956,,,,
3346,32511,956,,,,
3347,32517,956,,,,
3348,32523,956,,,,
3349,32532,958,,,,
3350,32543,958,,,,
3351,32547,958,,,,
3352,32548,958,,,,
3353,32552,958,,,,
3354,32559,959,,,,
3355,32566,959,,,,
3356,32576,959,,,,
3357,32583,959,,,,
3358,32588,959,,,,
3359,32591,960,,,,
3360,32591,960,,,,
